alkanes,,,,,,,,
system,dCC,Vbnp,V?,V(r),lv1,lv2,lv3,l?v1
ethane,1.53,10.376,-9.746,0.630,5.174,-1.094,-1.094,-12.100
propane,1.53,12.302,-11.675,0.627,5.177,-1.089,-1.077,-12.096
,1.53,12.302,-11.675,0.627,5.177,-1.089,-1.077,-12.096
butane,1.53,13.538,-12.910,0.628,5.183,-1.091,-1.080,-12.111
,1.53,13.538,-12.910,0.628,5.183,-1.091,-1.080,-12.111
,1.53,14.216,-13.594,0.623,5.175,-1.081,-1.058,-12.082
decane,1.53,17.061,-16.434,0.628,5.180,-1.091,-1.080,-12.105
,1.53,17.061,-16.434,0.628,5.180,-1.091,-1.080,-12.105
,1.53,19.389,-18.764,0.625,5.184,-1.086,-1.065,-12.105
,1.53,19.389,-18.764,0.625,5.184,-1.086,-1.065,-12.105
,1.53,19.793,-19.168,0.625,5.182,-1.085,-1.065,-12.100
,1.53,19.793,-19.168,0.625,5.181,-1.085,-1.065,-12.100
,1.53,19.918,-19.293,0.625,5.181,-1.085,-1.065,-12.100
,1.53,18.588,-17.965,0.623,5.178,-1.083,-1.062,-12.091
,1.53,18.588,-17.965,0.623,5.178,-1.083,-1.062,-12.091
cycloalkanes,,,,,,,,
system,dCC,Vbnp,V?,V(r),lv1,lv2,lv3,l?v1
cyclopropane,1.50,12.837,-12.093,0.743,5.311,-1.221,-1.172,-12.820
cyclobutane,1.55,14.205,-13.596,0.609,4.878,-1.013,-0.986,-11.567
cyclohexane,1.53,16.826,-16.208,0.618,5.130,-1.066,-1.052,-11.989
adamentane,1.54,22.306,-21.698,0.608,5.058,-1.034,-1.029,-11.828
cubane,1.56,20.022,-19.429,0.593,4.643,-0.949,-0.902,-11.153
,,,,,,,,
sterically crowded systems,,,,,,,,
system,dCC,Vbnp,V?,V(r),lv1,lv2,lv3,l?v1
Pbtth,1.69,43.655,-43.180,0.475,3.428,-0.664,-0.613,-8.351
Ptho,1.69,43.655,-43.180,0.475,3.428,-0.664,-0.613,-8.351
Bptd,1.65,41.323,-40.857,0.467,3.889,-0.740,-0.736,-9.172
Ahod,1.66,41.302,-40.843,0.459,3.836,-0.726,-0.721,-9.042
Dddcpa,1.70,50.370,-49.937,0.433,3.407,-0.628,-0.605,-8.112
Ttca,1.73,55.861,-55.454,0.407,3.194,-0.573,-0.559,-7.588
Dddcada,1.76,49.381,-49.000,0.381,2.980,-0.517,-0.511,-7.081
Hdbec,1.67,80.666,-80.191,0.475,3.709,-0.700,-0.700,-8.735
Tdtca,1.75,52.219,-51.831,0.389,3.061,-0.543,-0.529,-7.275
"1,2-diamino-o-carborane-1",1.79,35.917,-35.415,0.503,2.693,-0.501,-0.455,-6.626
"1,2-diamino-o-carborane-2",1.82,40.123,-39.649,0.474,2.536,-0.464,-0.405,-6.265
,,,,,,,,
alkenes,,,,,,,,
system,dCC,Vbnp,V?,V(r),lv1,lv2,lv3,l?v1
ethene,1.32,10.966,-9.946,1.021,8.637,-2.256,-2.060,-19.170
butadiene,1.33,13.780,-12.773,1.007,8.470,-2.194,-1.996,-18.842
,1.33,13.780,-12.773,1.007,8.470,-2.194,-1.996,-18.842
,1.46,13.664,-12.902,0.762,6.098,-1.356,-1.320,-14.066
hexatriene,1.33,15.230,-14.227,1.004,8.431,-2.181,-1.985,-18.768
,1.33,15.230,-14.227,1.004,8.431,-2.181,-1.985,-18.768
,1.34,16.586,-15.595,0.991,8.275,-2.121,-1.926,-18.461
,1.45,15.629,-14.855,0.775,6.190,-1.390,-1.345,-14.261
,1.45,15.629,-14.855,0.775,6.190,-1.390,-1.345,-14.261
octatetraene,1.33,16.209,-15.207,1.003,8.418,-2.176,-1.982,-18.742
,1.33,16.209,-15.207,1.003,8.418,-2.176,-1.982,-18.742
,1.34,18.035,-17.048,0.987,8.225,-2.104,-1.912,-18.363
,1.34,18.035,-17.048,0.987,8.225,-2.104,-1.912,-18.363
,1.45,17.604,-16.815,0.789,6.301,-1.431,-1.376,-14.495
,1.45,16.813,-16.035,0.778,6.214,-1.399,-1.352,-14.312
,1.45,16.813,-16.035,0.778,6.214,-1.399,-1.352,-14.312
decapentaene,1.33,16.948,-15.946,1.002,8.412,-2.174,-1.980,-18.732
,1.33,16.948,-15.946,1.002,8.412,-2.174,-1.980,-18.732
,1.34,19.013,-18.028,0.985,8.206,-2.097,-1.907,-18.327
,1.34,19.013,-18.028,0.985,8.206,-2.097,-1.907,-18.327
,1.35,19.484,-18.501,0.982,8.169,-2.084,-1.896,-18.254
,1.45,18.791,-17.998,0.793,6.333,-1.442,-1.385,-14.563
,1.45,18.791,-17.998,0.793,6.333,-1.442,-1.385,-14.563
,1.45,17.661,-16.882,0.779,6.223,-1.402,-1.354,-14.330
,1.45,17.661,-16.882,0.779,6.223,-1.402,-1.354,-14.330
,,,,,,,,
PBHs,,,,,,,,
system,dCC,Vbnp,V?,V(r),lv1,lv2,lv3,l?v1
benzene,1.39,15.598,-14.713,0.886,7.272,-1.764,-1.638,-16.489
naphthalene,1.37,19.961,-19.029,0.932,7.697,-1.914,-1.757,-17.335
,1.37,19.961,-19.029,0.932,7.697,-1.914,-1.757,-17.335
,1.37,19.961,-19.029,0.932,7.697,-1.914,-1.757,-17.335
,1.37,19.961,-19.029,0.932,7.697,-1.914,-1.757,-17.335
,1.42,19.361,-18.517,0.843,6.833,-1.616,-1.517,-15.601
,1.42,19.361,-18.517,0.843,6.833,-1.616,-1.517,-15.601
,1.42,20.978,-20.140,0.839,6.772,-1.591,-1.490,-15.472
,1.42,20.978,-20.140,0.839,6.772,-1.591,-1.490,-15.472
,1.42,20.978,-20.144,0.839,6.772,-1.591,-1.490,-15.472
,1.42,20.978,-20.140,0.839,6.772,-1.591,-1.490,-15.472
,1.42,22.113,-21.279,0.834,6.725,-1.575,-1.463,-15.373
biphenyl,1.39,21.193,-20.302,0.891,7.300,-1.775,-1.646,-16.547
,1.39,21.193,-20.302,0.891,7.300,-1.775,-1.646,-16.547
,1.39,21.193,-20.302,0.891,7.300,-1.775,-1.646,-16.547
,1.39,21.193,-20.302,0.891,7.300,-1.775,-1.646,-16.547
,1.39,20.385,-19.497,0.888,7.272,-1.763,-1.638,-16.489
,1.39,20.385,-19.497,0.888,7.272,-1.763,-1.638,-16.489
,1.39,20.385,-19.497,0.888,7.272,-1.763,-1.638,-16.489
,1.39,20.385,-19.497,0.888,7.272,-1.763,-1.638,-16.489
,1.40,22.803,-21.926,0.877,7.142,-1.725,-1.596,-16.224
,1.40,22.803,-21.926,0.877,7.142,-1.725,-1.596,-16.224
,1.40,22.803,-21.926,0.877,7.142,-1.725,-1.596,-16.224
,1.40,22.803,-21.926,0.877,7.142,-1.725,-1.596,-16.224
,1.48,22.857,-22.128,0.730,5.762,-1.253,-1.213,-13.351
anthracene,1.36,22.131,-21.169,0.950,7.860,-1.972,-1.803,-17.656
,1.36,22.131,-21.169,0.950,7.860,-1.972,-1.803,-17.656
,1.36,22.131,-21.169,0.950,7.860,-1.972,-1.803,-17.656
,1.36,22.131,-21.169,0.950,7.860,-1.972,-1.803,-17.656
,1.39,24.480,-23.601,0.886,7.199,-1.738,-1.609,-16.338
,1.39,24.480,-23.601,0.886,7.199,-1.738,-1.609,-16.338
,1.39,24.480,-23.601,0.886,7.199,-1.738,-1.609,-16.338
,1.39,24.480,-23.601,0.886,7.199,-1.738,-1.609,-16.338
,1.43,21.276,-20.449,0.821,6.584,-1.527,-1.439,-15.086
,1.43,21.276,-20.449,0.821,6.584,-1.527,-1.439,-15.086
,1.43,23.518,-22.705,0.821,6.584,-1.527,-1.439,-15.086
,1.43,23.518,-22.705,0.821,6.584,-1.527,-1.439,-15.086
,1.43,23.518,-22.705,0.821,6.584,-1.527,-1.439,-15.086
,1.43,23.518,-22.705,0.821,6.584,-1.527,-1.439,-15.086
,1.43,25.040,-24.197,0.814,6.509,-1.503,-1.405,-14.928
,1.43,25.040,-24.197,0.814,6.509,-1.503,-1.405,-14.928
biphenylene,1.37,22.290,-21.341,0.949,7.710,-1.933,-1.789,-17.387
,1.37,22.290,-21.341,0.949,7.710,-1.933,-1.789,-17.387
,1.37,22.290,-21.341,0.949,7.710,-1.933,-1.789,-17.387
,1.37,22.290,-21.341,0.949,7.710,-1.933,-1.789,-17.387
,1.38,20.393,-19.489,0.904,7.419,-1.827,-1.680,-16.775
,1.38,20.393,-19.489,0.904,7.419,-1.827,-1.680,-16.775
,1.42,20.603,-19.759,0.844,6.819,-1.625,-1.512,-15.567
,1.42,20.603,-19.759,0.844,6.819,-1.625,-1.512,-15.567
,1.42,20.603,-19.758,0.844,6.819,-1.625,-1.512,-15.567
,1.42,20.602,-19.758,0.844,6.819,-1.625,-1.512,-15.567
,1.42,23.714,-22.873,0.840,6.772,-1.577,-1.405,-15.535
,1.42,23.714,-22.873,0.840,6.772,-1.577,-1.405,-15.535
,1.51,22.862,-22.140,0.722,5.301,-1.194,-1.147,-12.624
,1.51,22.861,-22.139,0.722,5.301,-1.194,-1.147,-12.624
,,,,,,,,
annulene,,,,,,,,
system,dCC,Vbnp,V?,V(r),lv1,lv2,lv3,l?v1
14-annulene,1.35,23.116,-22.141,0.975,8.081,-2.056,-1.883,-18.086
,1.35,23.116,-22.141,0.975,8.081,-2.056,-1.883,-18.086
,1.35,23.159,-22.188,0.971,8.054,-2.053,-1.875,-18.036
,1.35,23.159,-22.188,0.971,8.054,-2.053,-1.875,-18.036
,1.35,22.424,-21.460,0.965,8.012,-2.038,-1.849,-17.943
,1.36,22.056,-21.095,0.960,7.933,-2.017,-1.840,-17.796
,1.36,22.056,-21.095,0.960,7.933,-2.017,-1.840,-17.796
,1.44,22.508,-21.709,0.799,6.384,-1.459,-1.406,-14.673
,1.44,22.508,-21.762,0.799,6.384,-1.459,-1.406,-14.673
,1.45,22.561,-21.779,0.782,6.232,-1.416,-1.361,-14.355
,1.45,22.561,-20.799,0.782,6.232,-1.416,-1.361,-14.355
,1.46,21.582,-20.804,0.777,6.177,-1.404,-1.347,-14.236
,1.46,21.582,-21.177,0.777,6.177,-1.404,-1.347,-14.236
,1.46,21.955,-21.739,0.769,6.140,-1.388,-1.329,-14.151
16-anuulene,1.34,24.266,-23.279,0.987,8.216,-2.107,-1.919,-18.350
,1.34,24.266,-23.279,0.987,8.216,-2.107,-1.919,-18.350
,1.34,24.266,-23.279,0.987,8.216,-2.107,-1.919,-18.350
,1.34,24.266,-23.279,0.987,8.216,-2.107,-1.919,-18.350
,1.34,23.259,-22.272,0.987,8.198,-2.111,-1.920,-18.321
,1.34,23.259,-22.272,0.987,8.198,-2.111,-1.920,-18.321
,1.34,23.259,-22.272,0.987,8.198,-2.111,-1.920,-18.321
,1.34,23.259,-22.272,0.987,8.198,-2.111,-1.920,-18.321
,1.45,23.607,-22.828,0.779,6.210,-1.404,-1.356,-14.308
,1.45,23.607,-22.828,0.779,6.210,-1.404,-1.356,-14.308
,1.45,23.607,-22.828,0.779,6.210,-1.404,-1.356,-14.308
,1.45,23.607,-22.828,0.779,6.210,-1.404,-1.356,-14.308
,1.46,22.676,-21.908,0.768,6.097,-1.369,-1.326,-14.072
,1.46,22.676,-21.908,0.768,6.097,-1.369,-1.326,-14.072
,1.46,22.676,-21.908,0.768,6.097,-1.369,-1.326,-14.072
,1.46,22.676,-21.908,0.768,6.097,-1.369,-1.326,-14.072
,,,,,,,,
carbon clusters,,,,,,,,
system,dCC,Vbnp,V?,V(r),lv1,lv2,lv3,l?v1
fullerene,1.39,53.132,-52.178,0.954,7.370,-1.819,-1.670,-16.687
,1.39,53.132,-52.178,0.954,7.370,-1.819,-1.670,-16.687
,1.45,52.960,-52.128,0.832,6.241,-1.450,-1.335,-14.399
,1.45,52.960,-52.128,0.832,6.241,-1.450,-1.335,-14.399
ovalene,1.36,31.916,-30.950,0.966,7.965,-2.012,-1.833,-17.863
,1.36,31.916,-30.950,0.966,7.965,-2.012,-1.833,-17.863
,1.36,31.916,-30.950,0.966,7.965,-2.012,-1.833,-17.863
,1.36,31.916,-30.950,0.966,7.965,-2.012,-1.833,-17.863
,1.37,31.371,-30.445,0.927,7.579,-1.875,-1.724,-17.103
,1.37,31.371,-30.445,0.927,7.579,-1.875,-1.724,-17.103
,1.40,34.551,-33.662,0.889,7.183,-1.735,-1.604,-16.305
,1.40,34.551,-33.662,0.889,7.183,-1.735,-1.604,-16.305
,1.40,34.551,-33.662,0.889,7.183,-1.735,-1.604,-16.305
,1.40,34.551,-33.662,0.889,7.183,-1.735,-1.604,-16.305
,1.41,38.875,-38.009,0.866,6.917,-1.641,-1.518,-15.771
,1.41,38.875,-38.009,0.866,6.917,-1.641,-1.518,-15.771
,1.41,38.875,-38.009,0.866,6.917,-1.641,-1.518,-15.771
,1.41,38.875,-38.009,0.866,6.917,-1.641,-1.518,-15.771
,1.41,36.042,-35.181,0.861,6.901,-1.634,-1.512,-15.735
,1.41,36.042,-35.181,0.861,6.901,-1.634,-1.512,-15.735
,1.41,36.042,-35.181,0.861,6.901,-1.634,-1.512,-15.735
,1.41,36.042,-35.181,0.861,6.901,-1.634,-1.512,-15.735
,1.41,32.735,-31.876,0.859,6.913,-1.640,-1.530,-15.760
,1.41,32.735,-31.876,0.859,6.913,-1.640,-1.530,-15.760
,1.41,32.735,-31.876,0.859,6.913,-1.640,-1.530,-15.760
,1.41,32.735,-31.876,0.859,6.913,-1.640,-1.530,-15.760
,1.42,37.592,-36.748,0.845,6.726,-1.578,-1.466,-15.382
,1.42,37.592,-36.748,0.845,6.726,-1.578,-1.466,-15.382
,1.42,36.937,-36.097,0.840,6.696,-1.566,-1.456,-15.316
,1.42,36.937,-36.097,0.840,6.696,-1.566,-1.456,-15.316
,1.42,36.937,-36.097,0.840,6.696,-1.566,-1.456,-15.316
,1.42,36.937,-36.097,0.840,6.696,-1.566,-1.456,-15.316
,1.43,37.883,-37.047,0.835,6.634,-1.546,-1.441,-15.193
,1.43,37.883,-37.047,0.835,6.634,-1.546,-1.441,-15.193
,1.43,37.883,-37.047,0.835,6.634,-1.546,-1.441,-15.193
,1.43,37.883,-37.047,0.835,6.634,-1.546,-1.441,-15.193
,1.44,39.329,-38.507,0.822,6.494,-1.499,-1.403,-14.904
,1.44,32.748,-31.931,0.816,6.498,-1.500,-1.416,-14.908
,1.44,32.748,-31.931,0.816,6.498,-1.500,-1.416,-14.908
,1.44,32.748,-31.931,0.816,6.498,-1.500,-1.416,-14.908
,1.44,32.748,-31.931,0.816,6.498,-1.500,-1.416,-14.908
,1.44,33.446,-32.632,0.814,6.476,-1.492,-1.409,-14.862
,1.44,33.446,-32.632,0.814,6.476,-1.492,-1.409,-14.862
,1.44,33.446,-32.632,0.814,6.476,-1.492,-1.409,-14.862
,1.44,33.446,-32.632,0.814,6.476,-1.492,-1.409,-14.862
cyclophane_C13H18,1.39,24.795,-23.901,0.895,7.340,-1.804,-1.670,-16.646
,1.39,24.454,-23.570,0.884,7.249,-1.781,-1.645,-16.458
,1.39,25.302,-24.428,0.875,7.221,-1.742,-1.615,-16.380
,1.39,25.302,-24.428,0.875,7.221,-1.742,-1.615,-16.380
,1.40,25.092,-24.224,0.868,7.145,-1.723,-1.599,-16.228
,1.40,25.092,-24.224,0.868,7.145,-1.723,-1.599,-16.228
,1.50,23.764,-23.083,0.682,5.474,-1.176,-1.156,-12.752
,1.50,23.764,-23.083,0.682,5.474,-1.176,-1.156,-12.752
,1.55,23.456,-22.863,0.593,4.948,-1.032,-1.009,-11.588
,1.55,23.456,-22.863,0.593,4.948,-1.032,-1.009,-11.588
,1.55,22.661,-22.069,0.591,4.886,-1.002,-0.999,-11.442
,1.55,22.661,-22.069,0.591,4.886,-1.002,-0.999,-11.442
,1.56,22.335,-21.749,0.586,4.759,-0.983,-0.966,-11.172
,1.56,22.335,-21.749,0.586,4.759,-0.983,-0.966,-11.172
cyclophane_C16H16,1.39,26.835,-25.952,0.883,7.284,-1.789,-1.651,-16.527
,1.39,26.835,-25.952,0.883,7.284,-1.789,-1.651,-16.526
,1.39,26.835,-25.952,0.883,7.283,-1.789,-1.651,-16.525
,1.39,26.835,-25.951,0.883,7.283,-1.789,-1.651,-16.525
,1.39,27.427,-26.557,0.870,7.196,-1.740,-1.609,-16.331
,1.39,27.427,-26.557,0.870,7.196,-1.739,-1.609,-16.331
,1.39,27.427,-26.557,0.870,7.196,-1.739,-1.609,-16.330
,1.39,27.427,-26.557,0.870,7.196,-1.739,-1.609,-16.329
,1.40,27.393,-26.527,0.866,7.173,-1.733,-1.601,-16.281
,1.40,27.393,-26.527,0.866,7.172,-1.733,-1.601,-16.281
,1.40,27.393,-26.527,0.866,7.172,-1.733,-1.601,-16.280
,1.40,27.393,-26.527,0.866,7.172,-1.733,-1.601,-16.280
,1.51,25.820,-25.150,0.670,5.377,-1.143,-1.131,-12.528
,1.51,25.820,-25.150,0.670,5.377,-1.143,-1.131,-12.527
,1.51,25.820,-25.150,0.670,5.377,-1.143,-1.131,-12.527
,1.51,25.820,-25.150,0.670,5.376,-1.143,-1.131,-12.525
,1.59,24.258,-23.701,0.557,4.427,-0.906,-0.884,-10.439
,1.59,24.258,-23.701,0.557,4.427,-0.906,-0.884,-10.438
CNT_C24H12,1.41,32.013,-31.135,0.878,6.898,-1.684,-1.547,-15.744
,1.41,32.013,-31.135,0.878,6.898,-1.684,-1.546,-15.744
,1.41,32.013,-31.135,0.878,6.898,-1.684,-1.546,-15.744
,1.41,32.013,-31.135,0.878,6.898,-1.684,-1.546,-15.744
,1.41,32.013,-31.135,0.878,6.897,-1.684,-1.546,-15.744
,1.41,32.013,-31.135,0.878,6.897,-1.684,-1.546,-15.744
,1.41,32.013,-31.135,0.878,6.897,-1.684,-1.546,-15.744
,1.41,32.013,-31.135,0.878,6.897,-1.684,-1.546,-15.744
,1.41,32.012,-31.135,0.878,6.896,-1.684,-1.546,-15.744
,1.41,32.012,-31.135,0.878,6.896,-1.684,-1.546,-15.744
,1.41,37.377,-31.135,0.878,6.895,-1.684,-1.546,-15.744
,1.41,32.011,-31.134,0.878,6.895,-1.684,-1.546,-15.744
,1.41,32.012,-31.134,0.877,6.895,-1.684,-1.546,-15.744
,1.41,32.012,-36.500,0.877,6.895,-1.684,-1.546,-15.744
,1.41,32.012,-31.134,0.877,6.895,-1.684,-1.546,-15.744
,1.41,32.012,-31.135,0.877,6.895,-1.684,-1.546,-15.744
,1.41,32.011,-31.135,0.877,6.895,-1.683,-1.546,-15.744
,1.41,32.011,-31.135,0.877,6.895,-1.683,-1.546,-15.744
,1.41,32.011,-31.135,0.877,6.895,-1.683,-1.546,-15.744
,1.41,32.011,-31.134,0.877,6.895,-1.683,-1.546,-15.744
,1.41,32.012,-31.134,0.877,6.894,-1.683,-1.545,-15.744
,1.41,32.012,-31.134,0.877,6.894,-1.683,-1.545,-15.744
,1.41,32.012,-31.134,0.877,6.893,-1.683,-1.545,-15.744
,1.41,32.012,-31.134,0.877,6.893,-1.683,-1.545,-15.744
,1.45,32.755,-31.134,0.805,6.298,-1.425,-1.347,-14.475
,1.45,32.755,-31.134,0.805,6.298,-1.425,-1.347,-14.475
,1.45,32.754,-31.134,0.805,6.296,-1.424,-1.347,-14.475
,1.45,32.754,-31.950,0.805,6.296,-1.424,-1.347,-14.475
,1.45,32.755,-31.950,0.805,6.295,-1.424,-1.347,-14.475
,1.45,32.755,-31.949,0.805,6.295,-1.424,-1.347,-14.475
,,,,,,,,
alkynes,,,,,,,,
system,dCC,Vbnp,V?,V(r),lv1,lv2,lv3,l?v1
acetylene,1.20,11.255,-9.853,1.402,12.151,-3.500,-3.500,-25.649
diacetylene,1.20,13.612,-12.206,1.406,11.951,-3.435,-3.435,-25.310
,1.20,13.612,-12.206,1.406,11.951,-3.435,-3.435,-25.310
,1.38,12.938,-11.934,1.004,7.447,-1.844,-1.844,-16.996
triacetylene,1.20,14.806,-13.398,1.408,11.898,-3.414,-3.414,-25.218
,1.20,14.806,-13.398,1.408,11.898,-3.414,-3.414,-25.218
,1.21,15.963,-14.562,1.401,11.697,-3.348,-3.348,-24.872
,1.37,14.588,-13.560,1.027,7.597,-1.894,-1.894,-17.290
,1.37,14.588,-13.560,1.027,7.597,-1.894,-1.894,-17.290
tetraacetylene,1.20,15.610,-14.200,1.411,11.883,-3.408,-3.408,-25.191
,1.20,15.610,-14.200,1.411,11.883,-3.408,-3.408,-25.191
,1.21,17.152,-15.753,1.399,11.620,-3.319,-3.319,-24.738
,1.21,17.152,-15.753,1.399,11.620,-3.319,-3.319,-24.738
,1.36,16.250,-15.198,1.051,7.775,-1.954,-1.954,-17.642
,1.37,15.567,-14.532,1.035,7.637,-1.907,-1.907,-17.370
,1.37,15.567,-14.532,1.035,7.637,-1.907,-1.907,-17.370
pentaacetylene,1.20,16.217,-14.805,1.412,11.878,-3.405,-3.405,-25.183
,1.20,16.217,-14.805,1.412,11.878,-3.405,-3.405,-25.183
,1.21,17.955,-16.556,1.400,11.595,-3.309,-3.309,-24.695
,1.21,17.955,-16.556,1.400,11.595,-3.309,-3.309,-24.695
,1.21,18.341,-16.946,1.395,11.535,-3.286,-3.286,-24.590
,1.36,17.234,-16.175,1.060,7.827,-1.971,-1.971,-17.744
,1.36,17.234,-16.175,1.060,7.827,-1.971,-1.971,-17.744
,1.37,16.266,-15.227,1.039,7.653,-1.912,-1.912,-17.400
,1.37,16.266,-15.227,1.039,7.653,-1.912,-1.912,-17.400
hexaacetylene,1.20,16.704,-15.291,1.414,11.876,-3.404,-3.404,-25.193
,1.20,16.704,-15.291,1.414,11.876,-3.404,-3.404,-25.193
,1.21,18.562,-17.161,1.401,11.585,-3.305,-3.305,-24.683
,1.21,18.562,-17.161,1.401,11.585,-3.305,-3.305,-24.683
,1.22,19.143,-17.748,1.395,11.505,-3.275,-3.275,-24.515
,1.22,19.143,-17.748,1.395,11.505,-3.275,-3.275,-24.515
,1.36,18.221,-17.153,1.068,7.884,-1.990,-1.990,-17.838
,1.36,17.935,-16.872,1.064,7.848,-1.978,-1.978,-17.798
,1.36,17.935,-16.872,1.064,7.848,-1.978,-1.978,-17.798
,1.37,16.809,-15.768,1.042,7.659,-1.914,-1.914,-17.398
,1.37,16.809,-15.768,1.042,7.659,-1.914,-1.914,-17.398
heptaacetylene,1.20,17.111,-15.697,1.415,11.876,-3.404,-3.404,-25.193
,1.20,17.111,-15.696,1.415,11.876,-3.404,-3.404,-25.193
,1.21,19.049,-17.647,1.402,11.582,-3.304,-3.304,-24.683
,1.21,19.049,-17.647,1.402,11.582,-3.304,-3.304,-24.683
,1.22,19.750,-18.354,1.396,11.494,-3.271,-3.271,-24.515
,1.22,19.750,-18.354,1.396,11.494,-3.271,-3.271,-24.515
,1.22,19.946,-18.551,1.395,11.474,-3.263,-3.263,-24.460
,1.36,18.923,-17.851,1.072,7.906,-1.997,-1.997,-17.879
,1.36,18.923,-17.851,1.072,7.906,-1.997,-1.997,-17.879
,1.36,18.480,-17.413,1.066,7.856,-1.981,-1.981,-17.798
,1.36,18.480,-17.413,1.066,7.856,-1.981,-1.981,-17.798
,1.37,17.254,-16.211,1.043,7.662,-1.915,-1.915,-17.438
,1.37,17.254,-16.211,1.043,7.662,-1.915,-1.915,-17.438
octaacetylene,1.20,17.461,-16.045,1.416,11.876,-3.404,-3.404,-25.193
,1.20,17.461,-16.045,1.416,11.876,-3.404,-3.404,-25.193
,1.21,19.456,-18.054,1.403,11.580,-3.303,-3.303,-24.683
,1.21,19.456,-18.054,1.403,11.580,-3.303,-3.303,-24.683
,1.22,20.237,-18.840,1.397,11.489,-3.269,-3.269,-24.515
,1.22,20.237,-18.840,1.397,11.489,-3.269,-3.269,-24.515
,1.22,20.552,-19.156,1.395,11.462,-3.258,-3.258,-24.460
,1.22,20.552,-19.156,1.395,11.462,-3.258,-3.258,-24.460
,1.35,19.625,-18.549,1.076,7.929,-2.005,-2.005,-17.960
,1.35,19.468,-18.393,1.074,7.916,-2.000,-2.000,-17.920
,1.35,19.468,-18.393,1.074,7.916,-2.000,-2.000,-17.920
,1.36,18.925,-17.857,1.068,7.860,-1.982,-1.982,-17.798
,1.36,18.925,-17.857,1.068,7.860,-1.982,-1.982,-17.798
,1.37,17.631,-16.586,1.045,7.664,-1.915,-1.915,-17.438
,1.37,17.631,-16.586,1.045,7.664,-1.915,-1.915,-17.438
nonaacetylene,1.20,17.767,-16.351,1.416,11.876,-3.404,-3.404,-25.193
,1.20,17.767,-16.351,1.416,11.876,-3.404,-3.404,-25.193
,1.21,19.806,-18.402,1.403,11.580,-3.303,-3.303,-24.683
,1.21,19.806,-18.402,1.403,11.580,-3.303,-3.303,-24.683
,1.22,20.644,-19.246,1.398,11.487,-3.268,-3.268,-24.515
,1.22,20.644,-19.246,1.398,11.487,-3.268,-3.268,-24.515
,1.22,21.039,-19.643,1.396,11.457,-3.256,-3.256,-24.460
,1.22,21.039,-19.643,1.396,11.457,-3.256,-3.256,-24.460
,1.22,21.158,-19.762,1.395,11.449,-3.253,-3.253,-24.460
,1.35,20.170,-19.092,1.078,7.939,-2.008,-2.008,-17.960
,1.35,20.170,-19.092,1.078,7.939,-2.008,-2.008,-17.960
,1.35,19.913,-18.838,1.076,7.920,-2.002,-2.002,-17.920
,1.35,19.913,-18.838,1.076,7.920,-2.002,-2.002,-17.920
,1.36,19.302,-18.233,1.069,7.862,-1.983,-1.983,-17.798
,1.36,19.302,-18.233,1.069,7.862,-1.983,-1.983,-17.798
,1.37,17.958,-16.912,1.045,7.665,-1.916,-1.916,-17.438
,1.37,17.958,-16.912,1.045,7.665,-1.916,-1.916,-17.438
,,,,,,,,
carbon rings,,,,,,,,
system,dCC,Vbnp,V?,V(r),lv1,lv2,lv3,l?v1
C2,1.30,9.745,-8.504,1.241,9.118,-2.691,-2.337,-20.108
C6,1.32,16.221,-15.054,1.167,8.651,-2.322,-2.215,-19.276
,1.32,16.222,-15.055,1.167,8.651,-2.322,-2.215,-19.276
,1.32,16.221,-15.054,1.167,8.651,-2.322,-2.215,-19.276
,1.32,16.221,-15.054,1.167,8.651,-2.322,-2.215,-19.276
,1.32,16.221,-15.054,1.167,8.651,-2.322,-2.215,-19.276
,1.32,16.221,-15.054,1.167,8.651,-2.322,-2.215,-19.276
C8,1.39,18.043,-17.012,1.031,7.320,-1.863,-1.831,-16.678
,1.39,18.043,-17.012,1.031,7.320,-1.863,-1.831,-16.678
,1.39,18.043,-17.012,1.031,7.320,-1.863,-1.831,-16.678
,1.39,18.043,-17.012,1.031,7.320,-1.863,-1.831,-16.678
,1.25,17.242,-15.924,1.317,10.483,-2.944,-2.777,-22.642
,1.25,17.242,-15.924,1.317,10.483,-2.944,-2.777,-22.642
,1.25,17.242,-15.924,1.317,10.483,-2.944,-2.777,-22.642
,1.25,17.242,-15.924,1.317,10.483,-2.944,-2.777,-22.642
C10,1.28,18.905,-17.675,1.229,9.572,-2.593,-2.583,-21.055
C12,1.23,20.161,-18.794,1.366,11.121,-3.141,-3.075,-23.823
,1.37,19.258,-18.200,1.058,7.656,-1.958,-1.931,-17.383
C14,1.28,20.629,-19.385,1.244,9.668,-2.620,-2.612,-21.247
C16,1.22,21.622,-20.224,1.398,11.480,-3.262,-3.254,-24.486
,1.37,20.611,-19.555,1.057,7.656,-1.950,-1.934,-17.409
,,,,,,,,
heterocycles,,,,,,,,
system,dCC,Vbnp,V?,V(r),lv1,lv2,lv3,l?v1
pyrazine,1.39,16.922,-16.005,0.917,7.268,-1.734,-1.598,-16.445
,1.39,16.922,-16.005,0.917,7.268,-1.734,-1.598,-16.445
pyrrole,1.37,15.970,-15.060,0.910,7.611,-1.941,-1.692,-17.189
,1.37,15.970,-15.060,0.910,7.611,-1.941,-1.692,-17.189
,1.42,15.626,-14.820,0.806,6.683,-1.633,-1.463,-15.347
furan,1.35,16.240,-15.267,0.973,7.998,-2.063,-1.787,-17.933
,1.35,16.240,-15.267,0.973,7.998,-2.063,-1.787,-17.933
,1.43,15.683,-14.871,0.812,6.469,-1.562,-1.413,-14.921
thiophene,1.36,17.600,-16.640,0.960,7.849,-2.016,-1.798,-17.647
,1.36,17.600,-16.640,0.960,7.849,-2.016,-1.798,-17.647
,1.43,17.021,-16.198,0.823,6.621,-1.578,-1.447,-15.188
tetrahydropyran,1.53,17.246,-16.608,0.638,5.218,-1.075,-1.031,-12.146
,1.53,17.246,-16.608,0.638,5.218,-1.075,-1.031,-12.146
,1.53,17.023,-16.395,0.629,5.126,-1.067,-1.051,-11.988
,1.53,17.023,-16.395,0.629,5.126,-1.067,-1.051,-11.988
THF,1.53,16.005,-15.363,0.643,5.173,-1.072,-1.017,-12.078
,1.53,16.004,-15.362,0.642,5.172,-1.071,-1.017,-12.078
,1.53,15.882,-15.241,0.641,5.120,-1.075,-1.054,-12.011
thiozolidine,1.52,17.584,-16.919,0.665,5.235,-1.097,-1.053,-12.200
thioxanthene,1.39,25.760,-24.858,0.902,7.244,-1.776,-1.627,-16.428
,1.39,25.760,-24.858,0.902,7.244,-1.776,-1.627,-16.428
,1.39,23.450,-22.554,0.896,7.295,-1.781,-1.646,-16.539
,1.39,23.450,-22.554,0.896,7.295,-1.781,-1.646,-16.539
,1.39,25.359,-24.463,0.895,7.251,-1.770,-1.630,-16.447
,1.39,25.359,-24.463,0.895,7.251,-1.770,-1.630,-16.447
,1.40,27.272,-26.379,0.893,7.155,-1.740,-1.590,-16.240
,1.40,27.272,-26.379,0.893,7.155,-1.740,-1.590,-16.240
,1.39,23.312,-22.419,0.893,7.280,-1.771,-1.639,-16.507
,1.39,23.312,-22.419,0.893,7.280,-1.771,-1.639,-16.507
,1.39,22.726,-21.836,0.891,7.273,-1.767,-1.638,-16.492
,1.39,22.726,-21.836,0.891,7.273,-1.767,-1.638,-16.492
,1.51,25.658,-24.964,0.694,5.421,-1.164,-1.126,-12.633
,1.51,25.658,-24.964,0.694,5.421,-1.164,-1.126,-12.633
piperazine,1.52,17.325,-16.688,0.638,5.252,-1.078,-1.038,-12.217
,1.52,17.325,-16.688,0.638,5.252,-1.078,-1.038,-12.217
pyrrolidine,1.54,15.774,-15.157,0.616,5.052,-1.042,-1.002,-11.819
,1.54,15.774,-15.157,0.616,5.052,-1.042,-1.002,-11.819
,1.55,15.598,-15.002,0.596,4.876,-1.007,-0.981,-11.452
dioxolane,1.54,16.358,-15.708,0.650,5.075,-1.035,-0.944,-11.846
DBN,1.52,20.956,-20.287,0.669,5.339,-1.111,-1.060,-12.432
,1.53,19.861,-19.215,0.646,5.182,-1.082,-1.043,-12.098
,1.53,19.596,-18.955,0.641,5.081,-1.054,-1.008,-11.961
,1.54,19.461,-18.828,0.633,5.067,-1.058,-1.027,-11.880
,1.54,19.469,-18.844,0.625,5.128,-1.063,-1.030,-11.880
benzonitrile,1.39,18.225,-17.303,0.923,7.329,-1.781,-1.654,-16.588
,1.39,18.225,-17.302,0.923,7.329,-1.781,-1.654,-16.588
,1.39,19.021,-18.104,0.917,7.163,-1.742,-1.596,-16.475
,1.39,19.021,-18.104,0.917,7.163,-1.742,-1.596,-16.475
,1.40,17.875,-16.962,0.913,7.259,-1.754,-1.635,-16.252
,1.40,17.875,-16.962,0.913,7.259,-1.754,-1.635,-16.252
,1.44,18.060,-17.173,0.887,6.421,-1.507,-1.461,-14.841
porphyrin,1.36,27.976,-27.003,0.972,8.086,-2.071,-1.868,-17.879
,1.36,27.976,-27.003,0.972,8.086,-2.071,-1.868,-17.879
,1.37,27.941,-26.987,0.954,7.760,-1.965,-1.766,-17.478
,1.37,27.941,-26.987,0.954,7.760,-1.964,-1.766,-17.478
,1.39,29.973,-29.051,0.922,7.326,-1.795,-1.654,-16.588
,1.39,29.973,-29.051,0.922,7.326,-1.795,-1.654,-16.588
,1.39,29.973,-29.052,0.922,7.326,-1.795,-1.654,-16.588
,1.39,29.973,-29.051,0.922,7.326,-1.795,-1.653,-16.588
,1.39,29.980,-29.084,0.896,7.215,-1.746,-1.615,-16.364
,1.39,29.980,-29.084,0.896,7.215,-1.746,-1.615,-16.364
,1.39,29.980,-29.084,0.896,7.215,-1.746,-1.615,-16.364
,1.39,29.980,-29.084,0.896,7.214,-1.746,-1.615,-16.364
,1.43,29.154,-28.323,0.830,6.530,-1.526,-1.381,-14.977
,1.43,29.154,-28.323,0.830,6.530,-1.526,-1.381,-14.977
,1.43,29.154,-28.324,0.830,6.530,-1.526,-1.381,-14.977
,1.43,29.154,-28.324,0.830,6.530,-1.526,-1.381,-14.977
,1.46,29.030,-28.265,0.765,6.115,-1.385,-1.277,-14.118
,1.46,29.030,-28.265,0.765,6.115,-1.385,-1.276,-14.118
,1.46,29.030,-28.265,0.765,6.115,-1.385,-1.276,-14.118
,1.46,29.030,-28.265,0.765,6.115,-1.385,-1.276,-14.118
aziridine,1.48,13.253,-12.447,0.806,5.558,-1.326,-1.247,-13.411
cyanogen,1.39,13.183,-12.097,1.086,7.258,-1.783,-1.783,-16.648
pyramidopyramidine,1.40,22.956,-22.029,0.927,7.113,-1.675,-1.535,-16.142
,1.42,21.593,-20.709,0.885,6.744,-1.537,-1.446,-15.390
,1.42,21.593,-20.708,0.885,6.743,-1.537,-1.446,-15.390
oxirane,1.47,13.663,-12.802,0.861,5.712,-1.414,-1.274,-13.837
ethylene carbonate,1.53,17.322,-16.621,0.702,5.180,-1.067,-0.964,-12.070
furfural,1.36,18.033,-17.052,0.981,7.850,-2.001,-1.742,-17.637
,1.36,19.243,-18.266,0.977,7.816,-1.984,-1.734,-17.557
,1.42,17.852,-16.999,0.854,6.653,-1.608,-1.464,-15.286
,1.46,18.148,-17.342,0.805,6.107,-1.342,-1.255,-14.022
ethylene glycol,1.51,14.946,-14.283,0.664,5.405,-1.122,-1.023,-12.505
tetrathiafulvalene,1.33,24.712,-23.650,1.062,8.534,-2.285,-2.017,-18.966
,1.33,24.712,-23.650,1.062,8.534,-2.285,-2.017,-18.966
,1.34,29.224,-28.172,1.053,8.313,-2.265,-1.934,-18.541
dithianodithiine,1.52,30.311,-29.605,0.706,5.324,-1.133,-1.111,-12.404
,1.52,30.311,-29.605,0.706,5.324,-1.133,-1.111,-12.404
,1.53,39.159,-38.475,0.684,5.113,-1.056,-1.017,-11.891
thiirane,1.48,15.175,-14.384,0.791,5.710,-1.289,-1.245,-13.465
thietane,1.54,16.072,-15.429,0.643,5.026,-1.045,-0.995,-11.803
,1.54,16.072,-15.429,0.643,5.026,-1.045,-0.995,-11.803
thiane,1.53,18.478,-17.831,0.647,5.198,-1.086,-1.070,-12.126
,1.53,18.478,-17.831,0.647,5.198,-1.086,-1.070,-12.126
,1.53,18.145,-17.513,0.632,5.132,-1.067,-1.053,-11.993
,1.53,18.145,-17.513,0.632,5.132,-1.067,-1.053,-11.993
thiaindans,1.39,22.292,-21.384,0.908,7.314,-1.801,-1.657,-16.626
,1.39,21.852,-20.948,0.904,7.343,-1.804,-1.662,-16.588
,1.39,20.065,-19.178,0.887,7.269,-1.769,-1.636,-16.475
,1.39,23.459,-22.572,0.887,7.147,-1.733,-1.576,-16.401
,1.39,20.566,-19.680,0.887,7.234,-1.765,-1.629,-16.364
,1.40,20.389,-19.506,0.882,7.211,-1.753,-1.621,-16.216
,1.51,21.450,-20.761,0.689,5.401,-1.157,-1.113,-12.602
,1.53,20.384,-19.727,0.657,5.134,-1.078,-1.043,-11.988
SeC3Se,1.27,24.341,-23.080,1.261,9.808,-2.649,-2.649,-21.481
SC3S,1.27,17.942,-16.680,1.262,9.803,-2.654,-2.654,-21.491
C5S,1.26,16.805,-15.497,1.308,10.094,-2.742,-2.742,-22.027
,1.28,17.152,-15.880,1.272,9.587,-2.571,-2.571,-21.087
,1.29,15.909,-14.691,1.219,9.279,-2.446,-2.446,-20.534
,1.28,14.708,-13.506,1.202,9.803,-2.537,-2.537,-21.352
NCCP,1.38,14.783,-13.741,1.043,7.422,-1.828,-1.828,-16.916
,,,,,,,,
"anion,cation,radical",,,,,,,,
system,dCC,Vbnp,V?,V(r),lv1,lv2,lv3,l?v1
acetylene cation,1.19,10.970,-9.053,1.914,12.212,-3.951,-3.951,-25.883
Cyclopropenyl cation,1.36,12.989,-11.640,1.349,7.554,-2.000,-1.726,-17.665
,1.36,12.989,-11.640,1.349,7.554,-2.000,-1.726,-17.665
,1.36,12.989,-11.640,1.349,7.554,-2.000,-1.726,-17.665
cycloheptatrienyl cation,1.39,17.274,-16.163,1.110,7.237,-1.703,-1.654,-16.403
,1.39,17.274,-16.163,1.110,7.236,-1.703,-1.653,-16.402
,1.39,17.274,-16.163,1.110,7.236,-1.703,-1.653,-16.402
,1.39,17.274,-16.163,1.110,7.236,-1.703,-1.653,-16.401
,1.39,17.273,-16.163,1.110,7.236,-1.703,-1.653,-16.400
,1.39,17.273,-16.163,1.110,7.235,-1.703,-1.653,-16.400
,1.39,17.273,-16.163,1.110,7.235,-1.703,-1.653,-16.399
benzene-1-ylium,1.32,16.839,-15.477,1.362,8.708,-2.343,-2.097,-19.377
,1.32,16.839,-15.477,1.362,8.708,-2.343,-2.097,-19.377
,1.39,16.411,-15.292,1.119,7.311,-1.776,-1.638,-16.549
,1.39,16.411,-15.292,1.119,7.311,-1.776,-1.638,-16.549
,1.43,16.151,-15.052,1.100,6.567,-1.645,-1.517,-15.120
,1.43,16.151,-15.052,1.100,6.567,-1.645,-1.517,-15.120
propan-1-ylium,1.39,13.237,-12.049,1.188,7.179,-1.710,-1.704,-16.404
,1.69,12.075,-11.270,0.805,3.406,-0.780,-0.667,-8.295
,1.78,11.915,-11.161,0.754,2.753,-0.624,-0.465,-6.814
propan-2-ylium,1.44,12.486,-11.412,1.074,6.497,-1.451,-1.391,-14.850
2-methylpropan-2-ylium,1.46,14.341,-13.324,1.017,6.170,-1.348,-1.297,-14.170
,1.46,14.323,-13.308,1.015,6.156,-1.346,-1.292,-14.140
,1.46,14.317,-13.305,1.012,6.130,-1.338,-1.284,-14.085
ethen-1-ylium,1.25,11.139,-9.569,1.570,10.449,-2.933,-2.571,-22.521
Cyclopentadienyl Anion,1.41,15.315,-14.712,0.603,6.912,-1.734,-1.530,-15.802
,1.41,15.315,-14.712,0.603,6.912,-1.734,-1.530,-15.802
,1.41,15.313,-14.711,0.602,6.902,-1.731,-1.527,-15.783
,1.41,15.311,-14.709,0.602,6.898,-1.730,-1.526,-15.774
,1.41,15.311,-14.709,0.602,6.898,-1.730,-1.526,-15.774
acetate,1.57,14.006,-13.630,0.376,4.715,-0.928,-0.924,-11.014
benzen-1-ide,1.39,16.265,-15.577,0.688,7.207,-1.766,-1.620,-16.365
,1.39,16.265,-15.577,0.688,7.207,-1.766,-1.620,-16.365
,1.40,16.208,-15.547,0.661,7.120,-1.726,-1.598,-16.174
,1.40,16.208,-15.547,0.661,7.120,-1.726,-1.598,-16.174
,1.42,15.870,-15.284,0.585,6.759,-1.564,-1.563,-15.417
,1.42,15.870,-15.284,0.585,6.759,-1.564,-1.563,-15.417
ethyn-1-ide,1.24,10.567,-9.607,0.960,10.842,-2.979,-2.979,-23.281
ethen-1-ide,1.35,10.413,-9.741,0.671,8.027,-2.043,-1.934,-17.951
2-oxopropan-1-ide,1.38,14.515,-13.853,0.663,7.498,-1.912,-1.679,-16.898
,1.55,13.799,-13.398,0.401,4.942,-1.003,-0.992,-11.543
ethan-1-ide,1.54,9.947,-9.605,0.342,5.031,-1.146,-1.055,-11.767
Benzene radical,1.37,16.293,-15.353,0.940,7.600,-1.883,-1.761,-17.148
,1.37,16.293,-15.353,0.940,7.600,-1.883,-1.761,-17.148
,1.39,16.331,-15.441,0.889,7.247,-1.760,-1.629,-16.434
,1.39,16.331,-15.441,0.889,7.247,-1.760,-1.629,-16.434
,1.40,16.255,-15.369,0.886,7.140,-1.742,-1.616,-16.235
,1.40,16.255,-15.369,0.886,7.140,-1.742,-1.616,-16.235
3-methylbut-2-enenitrile radical,1.31,17.036,-15.925,1.111,8.884,-2.380,-2.172,-19.654
,1.37,15.995,-14.963,1.032,7.614,-1.906,-1.894,-17.302
,1.51,15.317,-14.598,0.719,5.460,-1.173,-1.156,-12.711
,1.51,15.494,-14.781,0.714,5.392,-1.160,-1.147,-12.573
allyl_radical,1.38,12.348,-11.443,0.905,7.469,-1.836,-1.710,-16.876
vinyl_radical,1.30,10.749,-9.662,1.087,9.087,-2.429,-2.229,-20.033
,,,,,,,,
mutiple type bonded,,,,,,,,
system,dCC,Vbnp,V?,V(r),lv1,lv2,lv3,l?v1
cyclobutadiene,1.33,14.365,-13.342,1.023,8.514,-2.252,-1.978,-19.006
,1.33,14.365,-13.342,1.023,8.514,-2.252,-1.978,-19.006
,1.57,13.322,-12.708,0.614,4.546,-0.996,-0.911,-10.956
,1.57,13.322,-12.708,0.614,4.546,-0.996,-0.911,-10.956
"hexa_1,5_dien_3_yne",1.21,16.771,-15.401,1.370,11.776,-3.394,-3.359,-25.012
,1.33,14.865,-13.847,1.019,8.434,-2.191,-1.989,-18.774
,1.33,14.865,-13.847,1.019,8.434,-2.191,-1.989,-18.774
,1.43,15.119,-14.256,0.864,6.616,-1.563,-1.528,-15.216
,1.43,15.119,-14.256,0.864,6.616,-1.563,-1.528,-15.216
"hexpta_1_en_3,6_diyne",1.20,16.081,-16.203,1.397,12.099,-3.499,-3.496,-25.567
,1.20,17.600,-13.995,1.385,11.930,-3.450,-3.435,-25.279
,1.33,15.380,-14.707,1.022,8.466,-2.203,-1.999,-18.837
,1.43,15.728,-15.069,0.857,6.557,-1.544,-1.511,-15.097
,1.47,15.926,-14.701,0.805,5.993,-1.373,-1.350,-13.909
,1.47,15.506,-14.200,0.803,5.972,-1.363,-1.339,-13.862
2-pentene,1.33,15.003,-14.002,1.001,8.549,-2.236,-2.013,-18.990
,1.50,13.648,-12.965,0.682,5.534,-1.196,-1.179,-12.875
,1.50,15.117,-14.441,0.675,5.517,-1.178,-1.163,-12.829
,1.53,14.169,-13.543,0.626,5.110,-1.078,-1.064,-11.956
isoprene,1.33,15.250,-14.245,1.005,8.464,-2.195,-1.997,-18.833
,1.34,15.694,-14.699,0.995,8.400,-2.171,-1.964,-18.697
,1.47,15.526,-14.781,0.744,5.958,-1.313,-1.274,-13.765
,1.50,14.997,-14.313,0.684,5.476,-1.172,-1.155,-12.745
indene,1.34,19.317,-18.330,0.988,8.295,-2.141,-1.920,-18.511
,1.38,20.332,-19.432,0.900,7.383,-1.812,-1.678,-16.721
,1.39,20.264,-19.377,0.888,7.270,-1.769,-1.643,-16.495
,1.39,19.170,-18.291,0.879,7.242,-1.764,-1.629,-16.428
,1.39,18.887,-18.012,0.875,7.215,-1.752,-1.622,-16.372
,1.39,19.175,-18.300,0.874,7.192,-1.747,-1.616,-16.328
,1.40,21.365,-20.512,0.854,7.029,-1.669,-1.524,-15.997
,1.47,19.801,-19.052,0.749,5.966,-1.342,-1.271,-13.830
,1.51,19.610,-18.927,0.683,5.420,-1.160,-1.121,-12.655
,1.51,18.481,-17.801,0.680,5.412,-1.164,-1.116,-12.625
dihydroindene,1.39,20.604,-19.715,0.889,7.319,-1.786,-1.658,-16.591
,1.39,20.604,-19.715,0.889,7.319,-1.786,-1.658,-16.591
,1.39,19.110,-18.234,0.876,7.240,-1.759,-1.629,-16.423
,1.39,19.414,-18.539,0.875,7.219,-1.755,-1.624,-16.383
,1.39,19.414,-18.539,0.875,7.219,-1.755,-1.624,-16.383
,1.40,21.724,-20.859,0.865,7.177,-1.720,-1.574,-16.292
,1.51,19.908,-19.240,0.668,5.363,-1.142,-1.109,-12.526
,1.51,19.908,-19.240,0.668,5.363,-1.142,-1.109,-12.526
,1.54,18.657,-18.044,0.613,4.974,-1.030,-1.001,-11.664
,1.54,18.657,-18.044,0.613,4.974,-1.030,-1.001,-11.664
cyclopentadiene,1.34,15.835,-14.859,0.975,8.249,-2.127,-1.909,-18.428
,1.34,15.835,-14.859,0.975,8.249,-2.127,-1.909,-18.428
,1.47,15.180,-14.444,0.736,5.945,-1.346,-1.264,-13.778
,1.50,15.058,-14.375,0.683,5.501,-1.192,-1.142,-12.824
,1.50,15.058,-14.375,0.683,5.501,-1.192,-1.142,-12.824
,,,,,,,,
organometallic and hypervalent,,,,,,,,
system,dCC,Vbnp,V?,V(r),lv1,lv2,lv3,l?v1
ferrocene,1.42,26.987,-26.147,0.840,6.744,-1.643,-1.481,-15.477
Bis(benzene)chromium(0),1.41,28.355,-27.503,0.852,6.851,-1.663,-1.522,-15.643
h3-CrCl3,1.40,27.583,-26.511,1.073,6.765,-1.762,-1.525,-16.089
metallacyclobutane,1.42,27.389,-26.389,1.001,6.789,-1.651,-1.505,-15.572
C3H4Li2,1.50,13.348,-12.690,0.658,5.379,-1.232,-1.215,-12.825
,1.53,13.290,-12.677,0.613,4.976,-1.227,-1.084,-12.042
C6H6_CrCO3,1.41,28.150,-27.253,0.897,6.929,-1.670,-1.546,-15.809
Si2C5H2,1.38,19.190,-18.274,0.916,7.520,-1.874,-1.689,-16.981
,1.42,19.612,-18.764,0.848,6.733,-1.613,-1.516,-15.417
,1.42,19.612,-18.764,0.848,6.732,-1.613,-1.516,-15.415
,1.46,21.248,-20.440,0.808,5.973,-1.446,-1.315,-13.948
,1.46,21.246,-20.439,0.807,5.964,-1.444,-1.313,-13.930
Ge2C5H2,1.38,24.399,-23.502,0.896,7.441,-1.855,-1.668,-16.826
,1.42,25.794,-24.956,0.837,6.731,-1.624,-1.523,-15.417
,1.42,25.794,-24.956,0.837,6.731,-1.624,-1.523,-15.417
,1.46,29.716,-28.913,0.803,6.103,-1.475,-1.342,-14.185
,1.46,29.716,-28.913,0.802,6.102,-1.474,-1.341,-14.185
C6Li6,1.42,18.138,-17.402,0.736,6.764,-1.600,-1.584,-15.451
C2B8,1.50,18.849,-18.020,0.829,5.426,-1.248,-1.233,-12.719
,,,,,,,,
Transition state,,,,,,,,
system,dCC,Vbnp,V?,V(r),lv1,lv2,lv3,l?v1
TS1,2.16,20.036,-19.869,0.166,1.186,-0.222,-0.204,-2.882
,2.41,20.848,-20.764,0.084,0.641,-0.102,-0.064,-1.633
TS2,2.19,18.789,-18.657,0.133,1.096,-0.184,-0.173,-2.673
,2.30,20.191,-20.099,0.092,0.807,-0.130,-0.087,-2.085
TS3,2.18,20.237,-20.091,0.146,1.141,-0.207,-0.191,-2.773
,2.38,21.077,-21.009,0.068,0.707,-0.108,-0.085,-1.741
TS4,2.08,19.788,-19.588,0.200,1.408,-0.262,-0.244,-3.422
,2.33,19.330,-19.227,0.103,0.788,-0.122,-0.099,-1.934
TS5,2.14,18.414,-18.246,0.168,1.244,-0.231,-0.215,-3.020
,2.40,19.529,-19.451,0.078,0.657,-0.103,-0.071,-1.654
TS6,1.92,20.566,-20.420,0.145,2.021,-0.395,-0.384,-4.910
TS7,1.98,36.002,-35.573,0.428,1.782,-0.353,-0.307,-4.298
TS8,2.00,36.648,-36.239,0.408,1.678,-0.324,-0.269,-4.127
TS9,2.04,22.873,-22.627,0.246,1.534,-0.312,-0.310,-3.738
TS10,2.13,17.407,-17.299,0.108,1.312,-0.202,-0.180,-3.111
TS11,2.21,23.836,-23.701,0.135,1.051,-0.184,-0.158,-2.547
TS12,2.15,30.785,-30.632,0.153,1.214,-0.216,-0.185,-2.945
TS13,2.01,27.393,-27.149,0.244,1.662,-0.337,-0.314,-4.065
TS14,1.95,22.124,-21.888,0.236,1.928,-0.315,-0.292,-4.640
TS15,2.41,27.666,-27.566,0.101,0.683,-0.117,-0.101,-1.638
TS16,2.06,29.557,-29.380,0.177,1.496,-0.237,-0.209,-3.583
TS17,2.02,30.036,-29.772,0.264,1.647,-0.331,-0.304,-3.975
TS18,1.97,37.351,-37.238,0.113,1.831,-0.333,-0.314,-4.467
TS19,1.92,37.721,-37.564,0.157,1.998,-0.376,-0.334,-4.967
TS20,2.45,20.002,-20.101,-0.099,0.637,-0.080,-0.073,-1.504
TS21,2.21,20.840,-20.775,0.065,1.096,-0.144,-0.121,-2.554
,,,,,,,,
dimers,,,,,,,,
system,dCC,Vbnp,V?,V(r),lv1,lv2,lv3,l?v1
Acetylenebromide dimer,1.20,23.498,-22.072,1.426,12.060,-3.520,-3.517,-25.492
,1.20,23.498,-22.072,1.426,12.060,-3.520,-3.517,-25.492
,3.31,16.206,-16.177,0.029,0.102,-0.023,-0.004,-0.212
Acetonitrile dimer ,1.46,14.949,-14.106,0.843,6.096,-1.404,-1.398,-14.157
,1.46,14.949,-14.106,0.842,6.096,-1.404,-1.398,-14.157
,3.25,11.858,-11.854,0.004,0.120,-0.015,-0.015,-0.244
Acetylene dimer ,3.30,7.449,-7.425,0.024,0.104,-0.024,-0.005,-0.213
Vinylchloride dimer,3.15,15.711,-15.682,0.029,0.140,-0.030,-0.009,-0.306
Diyne dimer,3.42,11.457,-11.466,-0.009,0.009,-0.004,-0.003,-0.165
,3.42,11.451,-11.459,-0.009,0.084,-0.013,-0.012,-0.164
,3.41,12.322,-12.350,-0.028,0.083,-0.008,-0.001,-0.169
Diyneflouride dimer,3.23,15.217,-15.210,0.007,0.135,-0.024,-0.020,-0.254
,3.23,15.217,-15.210,0.007,0.135,-0.024,-0.020,-0.254
,3.27,15.625,-15.627,-0.002,0.109,-0.016,-0.009,-0.232
Diynecyanide dimer,3.25,14.505,-14.474,0.031,0.122,-0.021,-0.020,-0.243
,3.25,14.505,-14.474,0.031,0.122,-0.021,-0.020,-0.243
,3.39,16.031,-16.003,0.028,0.094,-0.015,-0.013,-0.177
,3.36,15.720,-15.693,0.027,0.098,-0.015,-0.011,-0.190
,3.36,15.720,-15.693,0.027,0.098,-0.015,-0.011,-0.190
C12 dimer,3.18,24.677,-24.642,0.034,0.133,-0.018,-0.014,-0.283
,3.18,24.677,-24.643,0.034,0.133,-0.018,-0.014,-0.283
,3.18,24.678,-24.644,0.034,0.133,-0.018,-0.014,-0.283
,3.18,24.678,-24.644,0.034,0.133,-0.018,-0.014,-0.283
,3.18,24.677,-24.643,0.034,0.133,-0.018,-0.014,-0.283
,3.18,24.676,-24.643,0.034,0.132,-0.018,-0.014,-0.282
,3.19,24.508,-24.476,0.032,0.124,-0.017,-0.014,-0.275
,3.19,24.509,-24.477,0.032,0.124,-0.017,-0.014,-0.274
,3.19,24.509,-24.477,0.032,0.124,-0.017,-0.014,-0.274
,3.19,24.509,-24.477,0.032,0.125,-0.017,-0.014,-0.275
,3.19,24.509,-24.477,0.032,0.124,-0.017,-0.014,-0.274
,3.19,24.511,-24.479,0.032,0.124,-0.017,-0.014,-0.274
diyne_CN_NMe2_dimer,3.23,21.075,-21.073,0.002,0.126,-0.022,-0.015,-0.252
,3.40,21.243,-21.260,-0.017,0.087,-0.009,-0.008,-0.171
Dimethylcynamide dimer,3.08,18.108,-18.108,0.000,0.169,-0.036,-0.017,-0.353
Thioacetone dimer,3.51,18.449,-18.407,0.042,0.080,-0.015,-0.010,-0.134
Vinylfluoride dimer,3.06,13.235,-13.195,0.040,0.180,-0.051,-0.030,-0.371
diyneCF3 dimer,3.40,20.805,-20.767,0.039,0.131,-0.037,-0.021,-0.173
,3.40,20.802,-20.763,0.038,0.131,-0.037,-0.021,-0.173
,3.39,21.577,-21.560,0.017,0.094,-0.016,-0.015,-0.175
,3.37,21.558,-21.542,0.015,0.101,-0.016,-0.007,-0.182
,3.37,21.557,-21.541,0.015,0.101,-0.016,-0.007,-0.182
C2@C60,2.95,57.258,-57.186,0.072,0.168,-0.009,-0.003,-0.481
,2.95,57.258,-57.186,0.071,0.167,-0.009,-0.003,-0.479
,3.10,57.127,-57.061,0.067,0.120,-0.012,-0.006,-0.338
,3.11,57.126,-57.059,0.066,0.119,-0.011,-0.006,-0.336
,3.10,57.122,-57.056,0.066,0.119,-0.010,-0.005,-0.342
,3.10,57.122,-57.056,0.066,0.119,-0.010,-0.005,-0.342
,,,,,,,,
C-N nonded,,,,,,,,
system,dCN,Vbnp,V?,V(r),lv1,lv2,lv3,
Pyrrole,1.37,16.521,-15.565,0.955,7.995,-2.039,-1.786,
,1.37,16.521,-15.565,0.955,7.995,-2.039,-1.786,
Pyrazine,1.33,17.584,-16.534,1.05,8.911,-2.168,-2.145,
,1.33,17.584,-16.534,1.05,8.911,-2.168,-2.145,
,1.33,17.584,-16.534,1.05,8.911,-2.168,-2.145,
,1.33,17.584,-16.534,1.05,8.911,-2.168,-2.145,
Quinazoline,1.31,21.216,-20.11,1.107,9.532,-2.374,-2.323,
,1.31,21.315,-20.21,1.105,9.57,-2.393,-2.321,
,1.36,20.58,-19.602,0.977,8.216,-1.941,-1.937,
,1.36,24.817,-23.839,0.977,8.2,-1.947,-1.938,
Piperazine,1.46,17.945,-17.211,0.735,6.305,-1.464,-1.323,
,1.46,17.945,-17.211,0.735,6.305,-1.464,-1.323,
,1.46,17.944,-17.21,0.734,6.303,-1.464,-1.323,
,1.46,17.944,-17.21,0.734,6.303,-1.464,-1.323,
Pyrrolidine,1.46,16.584,-15.852,0.732,6.288,-1.458,-1.312,
,1.46,16.584,-15.852,0.732,6.288,-1.458,-1.312,
Thiozolidine,1.46,18.314,-17.541,0.772,6.409,-1.503,-1.347,
Triazole,1.31,17.118,-16.032,1.086,9.378,-2.364,-2.207,
,1.32,17.168,-16.096,1.072,9.302,-2.35,-2.103,
,1.35,17.135,-16.084,1.051,8.516,-2.187,-1.9,
,1.36,16.833,-15.866,0.967,8.233,-1.995,-1.881,
Tetrazole,1.31,17.33,-16.206,1.124,9.54,-2.407,-2.204,
,1.34,17.278,-16.191,1.087,8.571,-2.204,-1.933,
DBN,1.27,22.891,-21.731,1.16,10.564,-2.791,-2.617,
,1.38,23.424,-22.511,0.913,7.703,-1.917,-1.676,
,1.45,21.871,-21.078,0.793,6.557,-1.557,-1.406,
,1.45,21.736,-20.953,0.783,6.465,-1.534,-1.366,
,1.46,20.429,-19.703,0.726,6.29,-1.408,-1.399,
Benzonitrile,1.15,18.485,-16.913,1.572,14.886,-4.143,-4.142,
Porphyrin,1.35,32.253,-31.269,0.984,8.1,-2.035,-1.81,
,1.35,32.253,-31.269,0.984,8.1,-2.035,-1.81,
,1.36,32.253,-31.269,0.984,8.1,-2.035,-1.81,
,1.36,32.253,-31.269,0.983,8.1,-2.035,-1.809,
,1.37,32.3,-31.341,0.96,8.365,-2.05,-1.925,
,1.37,32.3,-31.34,0.96,8.364,-2.05,-1.925,
,1.37,32.3,-31.34,0.96,8.364,-2.05,-1.925,
,1.37,32.3,-31.34,0.96,8.363,-2.05,-1.924,
Aziridine,1.46,13.557,-12.744,0.813,6.086,-1.469,-1.305,
,1.46,13.557,-12.744,0.813,6.086,-1.469,-1.305,
Cyanogen,1.15,14.79,-13.142,1.647,14.956,-4.172,-4.172,
Pyramidopyramidine,1.31,21.251,-20.119,1.131,9.572,-2.383,-2.34,
,1.31,21.25,-20.119,1.131,9.571,-2.383,-2.339,
,1.31,21.4,-20.274,1.126,9.552,-2.386,-2.313,
,1.31,21.4,-20.274,1.126,9.55,-2.385,-2.313,
,1.36,22.289,-21.275,1.013,8.299,-1.98,-1.969,
,1.36,22.288,-21.275,1.013,8.298,-1.98,-1.969,
,1.36,20.653,-19.66,0.993,8.152,-1.923,-1.916,
,1.36,20.652,-19.66,0.993,8.15,-1.923,-1.915,
TSC-N,1.82,23.157,-1.45,0.372,2.531,-0.421,-0.39,
,,,,,,,,
C-O bonded,,,,,,,,
system,dCO,Vbnp,V?,V(r),lv1,lv2,lv3,
Furan,1.35,17.148,-16.152,0.996,8.513,-2.127,-1.948,
,1.35,17.148,-16.152,0.996,8.513,-2.127,-1.948,
Tetrahydropyran,1.41,18.643,-17.824,0.82,7.221,-1.743,-1.607,
,1.41,18.643,-17.824,0.82,7.221,-1.743,-1.607,
THF,1.42,17.243,-16.445,0.798,7.028,-1.7,-1.542,
,1.42,17.243,-16.445,0.798,7.027,-1.7,-1.541,
Dioxolone,1.4,17.883,-17.006,0.877,7.556,-1.828,-1.643,
,1.42,17.497,-16.677,0.82,7.036,-1.711,-1.547,
Oxirane,1.41,14.329,-13.432,0.898,6.974,-1.804,-1.486,
,1.41,14.329,-13.431,0.898,6.971,-1.803,-1.485,
Ethylene carbonate,1.18,20.205,-18.726,1.48,14.132,-3.802,-3.787,
,1.35,20.041,-19.01,1.032,8.575,-2.123,-1.939,
,1.35,20.04,-19.009,1.031,8.573,-2.122,-1.938,
,1.42,18.672,-17.803,0.868,7.012,-1.672,-1.54,
,1.42,18.671,-17.803,0.868,7.009,-1.672,-1.539,
Furfural,1.2,18.935,-17.549,1.385,13.155,-3.511,-3.431,
,1.34,19.311,-18.268,1.043,8.738,-2.193,-2.015,
,1.36,20.107,-19.101,1.006,8.354,-2.078,-1.897,
Ethylene glycol,1.42,15.347,-14.523,0.825,7.198,-1.753,-1.605,
,1.42,15.347,-14.522,0.825,7.198,-1.753,-1.605,
NNDMAacetylCl,2.9,16.63,-16.68,-0.05,0.243,-0.025,-0.01,
,,,,,,,,
C-S bonded,,,,,,,,
system,dCS,Vbnp,V?,V(r),lv1,lv2,lv3,
thiophene,1.72,18.667,-17.945,0.723,4.641,-1.056,-0.917,
,1.72,18.667,-17.945,0.723,4.641,-1.056,-0.917,
thioxathene,1.78,27.181,-26.539,0.642,4.073,-0.882,-0.785,
,1.78,27.181,-26.539,0.642,4.073,-0.882,-0.785,
,1.83,17.804,-17.246,0.559,3.609,-0.764,-0.674,
thiozolidine,1.84,17.804,-17.253,0.552,3.558,-0.744,-0.639,
tetrathiafulvalene,1.75,25.759,-25.064,0.694,4.312,-0.963,-0.835,
,1.75,25.759,-25.064,0.694,4.312,-0.963,-0.835,
,1.75,25.759,-25.064,0.694,4.312,-0.963,-0.835,
,1.75,25.759,-25.064,0.694,4.312,-0.963,-0.835,
,1.77,28.322,-27.649,0.674,4.122,-0.929,-0.787,
,1.77,28.322,-27.649,0.674,4.122,-0.929,-0.787,
,1.77,28.322,-27.649,0.674,4.122,-0.929,-0.787,
,1.77,28.322,-27.649,0.674,4.122,-0.929,-0.787,
benzoyl isothiocyanate,1.59,21.146,-20.188,0.958,6.201,-1.508,-1.507,
thiaindans,1.77,23.101,-22.459,0.642,4.123,-0.9,-0.789,
,1.84,21.553,-20.988,0.566,3.591,-0.752,-0.669,
thiirane,1.81,15.95,-15.297,0.652,3.655,-0.84,-0.747,
,1.81,15.95,-15.297,0.652,3.655,-0.84,-0.747,
lenthionine,1.81,26.066,-25.444,0.621,3.784,-0.792,-0.724,
,1.82,25.982,-25.361,0.621,3.743,-0.797,-0.722,
,1.83,25.949,-25.339,0.61,3.67,-0.779,-0.703,
,1.83,26.17,-25.564,0.606,3.663,-0.764,-0.696,
thietane,1.84,17.219,-16.667,0.552,3.489,-0.736,-0.649,
,1.84,17.219,-16.667,0.552,3.489,-0.736,-0.649,
thiane,1.82,19.781,-19.215,0.566,3.709,-0.776,-0.706,
,1.82,19.781,-19.215,0.566,3.709,-0.776,-0.706,
terthienyl,1.72,26.013,-25.284,0.729,4.634,-1.056,-0.915,
,1.72,26.013,-25.284,0.729,4.634,-1.056,-0.915,
,1.74,30.044,-29.331,0.713,4.477,-1.014,-0.868,
,1.74,30.044,-29.331,0.713,4.477,-1.014,-0.868,
,1.74,28.371,-27.659,0.713,4.49,-1.016,-0.872,
,1.74,28.371,-27.658,0.713,4.49,-1.016,-0.872,
CO2….H2S complex,3.31,11.71,-11.693,0.018,0.201,-0.017,-0.014,
TSC-S,2.28,15.521,-15.218,0.304,1.208,-0.225,-0.11,
,,,,,,,,
N-N bonded,,,,,,,,
system,dNN,Vbnp,V?,V(r),lv1,lv2,lv3,
N2,1.09,13.593,-11.683,1.91,19.221,-5.267,-5.267,
N2F4,1.5,21.362,-20.526,0.836,5.982,-1.249,-1.038,
N2O4,1.7,18.722,-18.165,0.556,3.426,-0.599,-0.547,
N3CH3_dimer,2.92,16.322,-16.25,0.072,0.206,-0.054,-0.048,
N3H,1.13,15.433,0.072,1.776,16.844,-4.811,-4.811,
,1.17,0,0.072,1.637,14.681,-4.177,-4.177,
hydrazine,1.47,11.59,15.433,0.722,6.334,-1.5,-1.329,
Aminimide_1,1.45,39.776,-38.956,0.82,6.721,-1.596,-1.495,
Aminimide_2,1.45,34.614,-33.806,0.808,6.618,-1.565,-1.46,
,,,,,,,,
O-O bonded,,,,,,,,
system,dOO,Vbnp,V?,V(r),lv1,lv2,lv3,
CH3COO_dimer,2.97,20.343,-20.341,0.002,0.163,-0.016,-0.012,
CrO5,1.38,24.809,-23.803,1.006,8.247,-2.165,-1.838,
,1.38,24.806,-23.8,1.006,8.242,-2.164,-1.836,
H2S2O8,1.42,30.159,-29.23,0.929,7.384,-1.84,-1.739,
O2,1.19,14.253,-12.709,1.544,15.084,-4.178,-3.776,
O2F2,1.3,18.614,-17.361,1.252,10.756,-2.687,-2.644,
O2H2,1.43,12.639,-11.847,0.793,7.055,-1.828,-1.573,
O3,1.23,16.356,-14.928,1.428,13.062,-3.395,-3.327,
cyclopentanone_dimer,3.29,21.649,-21.607,0.042,0.208,-0.045,-0.035,
,,,,,,,,
S-S bonded,,,,,,,,
system,dSS,Vbnp,V?,V(r),lv1,lv2,lv3,
lenthionine,2.08,27.49,-26.889,0.601,2.938,-0.61,-0.586,
S2Cl2,1.98,24.137,-23.38,0.757,3.596,-0.766,-0.754,
[(CH3)3P+-SCH3...CH3S-...H2O,2.07,26.309,-25.731,0.578,2.97,-0.614,-0.597,
H2S2O3,1.89,24.283,-23.422,0.861,4.373,-0.957,-0.954,
H2S2O6,2.19,28.356,-27.791,0.565,2.387,-0.342,-0.329,
DHSred,2.08,24.73,-24.152,0.579,2.918,-0.624,-0.56,
C4H10S2O2,2.07,24.41,-23.814,0.596,3.009,-0.626,-0.614,
H2O...(CH3)3P...CH3SSCH3...H2O,2.07,27.05,-26.473,0.577,2.972,-0.614,-0.597,
TSS-S,2.38,29.428,-29.152,0.276,1.576,-0.297,-0.267,
,,,,,,,,
alkanes,,,,,,,,
system,dcc ,r(r),lr1,lr2,lr3,Ñ2r,,
ethane,1.53,0.238,-0.433,-0.433,0.336,-0.53,,
propane,1.53,0.24,-0.441,-0.437,0.34,-0.537,,
,1.53,0.24,-0.441,-0.437,0.34,-0.537,,
butane,1.53,0.242,-0.447,-0.44,0.344,-0.543,,
,1.53,0.24,-0.44,-0.437,0.339,-0.538,,
,1.53,0.24,-0.44,-0.437,0.339,-0.537,,
decane,1.53,0.241,-0.445,-0.44,0.343,-0.542,,
,1.53,0.241,-0.446,-0.44,0.343,-0.542,,
,1.53,0.241,-0.446,-0.44,0.344,-0.542,,
,1.53,0.241,-0.445,-0.44,0.343,-0.542,,
,1.53,0.241,-0.445,-0.44,0.343,-0.542,,
,1.53,0.241,-0.446,-0.44,0.343,-0.542,,
,1.53,0.241,-0.446,-0.44,0.344,-0.542,,
,1.53,0.24,-0.439,-0.437,0.339,-0.537,,
,1.53,0.24,-0.439,-0.437,0.339,-0.537,,
,,,,,,,,
cycloalkanes,,,,,,,,
system,dcc ,r(r),lr1,lr2,lr3,Ñ2r,,
cyclopropane,1.5,0.236,-0.440,-0.288,0.314,-0.413,,
cyclobutane,1.55,0.233,-0.420,-0.417,0.344,-0.493,,
cyclohexane,1.53,0.24,-0.439,-0.437,0.343,-0.533,,
adamentane,1.54,0.238,-0.433,-0.433,0.344,-0.523,,
cubane,1.56,0.229,-0.410,-0.409,0.349,-0.470,,
,,,,,,,,
sterically crowded systems,,,,,,,,
system,dcc ,r(r),lr1,lr2,lr3,Ñ2r,,
Pbtth,1.69,0.176,-0.288,-0.280,0.324,-0.244,,
Ptho,1.69,0.179,-0.294,-0.292,0.316,-0.270,,
Bptd,1.65,0.191,-0.320,-0.318,0.327,-0.312,,
Ahod,1.66,0.191,-0.320,-0.318,0.327,-0.312,,
Dddcpa,1.70,0.173,-0.280,-0.280,0.322,-0.238,,
Ttca,1.73,0.164,-0.261,-0.259,0.306,-0.214,,
Dddcada,1.76,0.156,-0.243,-0.240,0.297,-0.186,,
Hdbec,1.67,0.184,-0.305,-0.305,0.323,-0.287,,
Tdtca,1.75,0.159,-0.248,-0.247,0.299,-0.196,,
"1,2-diamino-o-carborane-1",1.79,0.138,-0.215,-0.067,0.273,-0.009,,
"1,2-diamino-o-carborane-2",1.82,0.133,-0.204,-0.056,0.267,-0.007,,
,,,,,,,,
alkenes,,,,,,,,
system,dcc ,r(r),lr1,lr2,lr3,Ñ2r,,
ethene,1.32,0.344,-0.734,-0.55,0.256,-1.028,,
Butadiene,1.33,0.341,-0.727,-0.549,0.264,-1.011,,
,1.46,0.272,-0.541,-0.501,0.335,-0.707,,
hexatriene,1.33,0.339,-0.723,-0.548,0.266,-1.005,,
,1.34,0.336,-0.716,-0.548,0.274,-0.99,,
,1.45,0.275,-0.547,-0.503,0.333,-0.717,,
octatetraene,1.33,0.339,-0.722,-0.547,0.266,-1.003,,
,1.34,0.335,-0.712,-0.547,0.276,-0.984,,
,1.45,0.278,-0.555,-0.505,0.331,-0.73,,
,1.45,0.276,-0.549,-0.504,0.333,-0.72,,
decapentaene,1.33,0.339,-0.722,-0.547,0.266,-1.003,,
,1.34,0.335,-0.711,-0.547,0.276,-0.981,,
,1.35,0.333,-0.708,-0.546,0.278,-0.976,,
,1.45,0.279,-0.558,-0.506,0.33,-0.734,,
,1.45,0.276,-0.55,-0.504,0.333,-0.721,,
,,,,,,,,
PBH,,,,,,,,
system,dcc ,r(r),lr1,lr2,lr3,Ñ2r,,
benzene,1.39,0.308,-0.635,-0.531,0.308,-0.858,,
naphthalene,1.37,0.320,-0.669,-0.540,0.295,-0.915,,
,1.37,0.320,-0.669,-0.540,0.295,-0.915,,
,1.37,0.320,-0.669,-0.540,0.295,-0.915,,
,1.37,0.320,-0.669,-0.540,0.295,-0.915,,
,1.42,0.295,-0.598,-0.518,0.320,-0.796,,
,1.42,0.295,-0.598,-0.518,0.320,-0.796,,
,1.42,0.294,-0.596,-0.519,0.324,-0.792,,
,1.42,0.294,-0.596,-0.519,0.324,-0.792,,
,1.42,0.294,-0.595,-0.516,0.328,-0.783,,
,1.42,0.294,-0.596,-0.519,0.324,-0.792,,
,1.42,0.294,-0.596,-0.519,0.324,-0.792,,
Anthracene,1.36,0.325,-0.682,-0.543,0.289,-0.936,,
,1.39,0.307,-0.631,-0.530,0.312,-0.849,,
,1.43,0.288,-0.581,-0.511,0.324,-0.768,,
,1.43,0.288,-0.581,-0.513,0.328,-0.766,,
,1.43,0.287,-0.576,-0.508,0.332,-0.752,,
biphenyl,1.39,0.309,-0.636,-0.531,0.307,-0.860,,
,1.39,0.308,-0.635,-0.532,0.308,-0.858,,
,1.40,0.304,-0.624,-0.522,0.314,-0.832,,
,1.48,0.262,-0.513,-0.482,0.343,-0.653,,
biphenylene,1.37,0.318,-0.659,-0.538,0.292,-0.904,,
,1.38,0.311,-0.643,-0.524,0.303,-0.864,,
,1.42,0.293,-0.593,-0.507,0.320,-0.780,,
,1.42,0.304,-0.633,-0.538,0.336,-0.835,,
,1.51,0.243,-0.447,-0.433,0.349,-0.530,,
,,,,,,,,
annulene,,,,,,,,
system,dcc ,r(r),lr1,lr2,lr3,Ñ2r,,
14 annulene,1.35,0.306,-0.627,-0.527,0.308,-0.846,,
,1.35,0.304,-0.619,-0.525,0.309,-0.835,,
,1.35,0.293,-0.594,-0.499,0.321,-0.772,,
,1.36,0.293,-0.594,-0.498,0.318,-0.774,,
,1.44,0.306,-0.627,-0.527,0.308,-0.846,,
,1.45,0.304,-0.619,-0.525,0.309,-0.835,,
,1.46,0.293,-0.594,-0.498,0.318,-0.774,,
,1.46,0.293,-0.594,-0.499,0.321,-0.772,,
16 annulene,1.34,0.333,-0.706,-0.54,0.276,-0.971,,
,1.34,0.332,-0.703,-0.535,0.277,-0.961,,
,1.45,0.275,-0.545,-0.499,0.332,-0.712,,
,1.46,0.271,-0.534,-0.494,0.334,-0.695,,
,,,,,,,,
carbon clusters,,,,,,,,
system,dcc ,r(r),lr1,lr2,lr3,Ñ2r,,
ovalene,1.40,0.306,-0.63,-0.529,0.312,-0.846,,
,1.43,0.29,-0.586,-0.514,0.328,-0.772,,
,1.44,0.285,-0.573,-0.51,0.329,-0.754,,
,1.41,0.299,-0.61,-0.524,0.321,-0.812,,
,1.42,0.292,-0.592,-0.516,0.327,-0.781,,
,1.44,0.285,-0.572,-0.509,0.329,-0.752,,
,1.42,0.293,-0.593,-0.517,0.326,-0.784,,
,1.44,0.286,-0.574,-0.51,0.331,-0.753,,
,1.41,0.299,-0.609,-0.523,0.322,-0.811,,
,1.41,0.298,-0.608,-0.522,0.32,-0.81,,
,1.37,0.317,-0.659,-0.537,0.298,-0.897,,
,1.36,0.328,-0.691,-0.543,0.285,-0.949,,
C60,1.45,0.276,-0.543,-0.478,0.336,-0.686,,
,1.39,0.309,-0.631,-0.518,0.305,-0.844,,
,,,,,,,,
alkyne,,,,,,,,
system,dcc ,r(r),lr1,lr2,lr3,Ñ2r,,
acetylene,1.20,0.410,-0.657,-0.657,0.085,-1.228,,
diacetylene,1.20,0.404,-0.646,-0.646,0.099,-1.193,,
,1.38,0.299,-0.570,-0.570,0.293,-0.848,,
triacetylene,1.20,0.403,-0.647,-0.647,0.102,-1.193,,
,1.21,0.398,-0.636,-0.636,0.108,-1.163,,
,1.37,0.303,-0.575,-0.575,0.288,-0.863,,
tetracetylene,1.20,0.403,-0.648,-0.648,0.103,-1.193,,
,1.21,0.396,-0.637,-0.637,0.113,-1.161,,
,1.36,0.308,-0.581,-0.581,0.284,-0.877,,
,1.37,0.304,-0.577,-0.577,0.287,-0.867,,
penta acetylene,1.36,0.309,-0.583,-0.583,0.282,-0.883,,
,1.21,0.396,-0.637,-0.637,0.114,-1.161,,
,1.20,0.403,-0.649,-0.649,0.103,-1.194,,
,1.37,0.305,-0.578,-0.578,0.287,-0.869,,
,1.21,0.395,-0.638,-0.638,0.117,-1.159,,
,1.36,0.309,-0.583,-0.583,0.282,-0.883,,
,1.21,0.396,-0.637,-0.637,0.114,-1.161,,
,1.37,0.305,-0.578,-0.578,0.287,-0.869,,
,1.20,0.403,-0.649,-0.649,0.103,-1.194,,
hexa acetylene,1.22,0.394,-0.638,-0.638,0.119,-1.158,,
,1.36,0.310,-0.583,-0.583,0.282,-0.885,,
,1.21,0.396,-0.638,-0.638,0.115,-1.161,,
,1.36,0.311,-0.585,-0.585,0.281,-0.889,,
,1.37,0.305,-0.578,-0.578,0.287,-0.870,,
,1.20,0.403,-0.649,-0.649,0.103,-1.194,,
,1.22,0.394,-0.638,-0.638,0.119,-1.158,,
,1.36,0.310,-0.583,-0.583,0.282,-0.885,,
,1.21,0.396,-0.638,-0.638,0.115,-1.161,,
,1.37,0.305,-0.578,-0.578,0.287,-0.870,,
,1.20,0.403,-0.649,-0.649,0.103,-1.194,,
hepta acetylene,1.22,0.394,-0.639,-0.639,0.121,-1.157,,
,1.35,0.311,-0.586,-0.586,0.280,-0.891,,
,1.22,0.394,-0.639,-0.639,0.120,-1.157,,
,1.36,0.310,-0.584,-0.584,0.282,-0.886,,
,1.35,0.311,-0.586,-0.586,0.280,-0.891,,
,1.22,0.394,-0.639,-0.639,0.120,-1.157,,
,1.36,0.310,-0.584,-0.584,0.282,-0.886,,
,1.21,0.396,-0.638,-0.638,0.115,-1.161,,
,1.37,0.305,-0.578,-0.578,0.287,-0.870,,
,1.20,0.403,-0.649,-0.649,0.103,-1.195,,
,1.21,0.396,-0.638,-0.638,0.115,-1.161,,
,1.37,0.305,-0.578,-0.578,0.287,-0.870,,
,1.20,0.403,-0.649,-0.649,0.103,-1.195,,
octa acetylene,1.22,0.394,-0.639,-0.639,0.122,-1.157,,
,1.35,0.312,-0.586,-0.586,0.280,-0.892,,
,1.22,0.394,-0.639,-0.639,0.120,-1.158,,
,1.35,0.312,-0.587,-0.587,0.279,-0.894,,
,1.36,0.310,-0.584,-0.584,0.281,-0.887,,
,1.22,0.396,-0.638,-0.638,0.115,-1.161,,
,1.22,0.394,-0.639,-0.639,0.122,-1.157,,
,1.35,0.312,-0.586,-0.586,0.280,-0.892,,
,1.22,0.394,-0.639,-0.639,0.120,-1.158,,
,1.36,0.310,-0.584,-0.584,0.281,-0.887,,
,1.22,0.396,-0.638,-0.638,0.115,-1.161,,
,1.37,0.305,-0.579,-0.579,0.287,-0.871,,
,1.20,0.403,-0.649,-0.649,0.103,-1.195,,
,1.37,0.305,-0.579,-0.579,0.287,-0.871,,
,1.20,0.403,-0.649,-0.649,0.103,-1.195,,
nona acetylene,1.22,0.393,-0.639,-0.639,0.122,-1.156,,
,1.35,0.312,-0.587,-0.587,0.279,-0.895,,
,1.22,0.393,-0.639,-0.639,0.122,-1.157,,
,1.35,0.312,-0.586,-0.586,0.280,-0.893,,
,1.35,0.312,-0.587,-0.587,0.279,-0.895,,
,1.22,0.393,-0.639,-0.639,0.122,-1.157,,
,1.35,0.312,-0.586,-0.586,0.280,-0.893,,
,1.22,0.394,-0.639,-0.639,0.120,-1.158,,
,1.36,0.310,-0.584,-0.584,0.281,-0.887,,
,1.21,0.396,-0.638,-0.638,0.115,-1.161,,
,1.37,0.305,-0.579,-0.579,0.287,-0.871,,
,1.20,0.403,-0.649,-0.649,0.103,-1.195,,
,1.22,0.394,-0.639,-0.639,0.120,-1.158,,
,1.36,0.310,-0.584,-0.584,0.281,-0.887,,
,1.21,0.396,-0.638,-0.638,0.115,-1.161,,
,1.37,0.305,-0.579,-0.579,0.287,-0.871,,
,1.20,0.403,-0.649,-0.649,0.103,-1.195,,
,,,,,,,,
carbon rings,,,,,,,,
system,dcc ,r(r),lr1,lr2,lr3,Ñ2r,,
C2,1.3,0.325,-0.629,-0.415,0.198,-0.846,,
C6,1.32,0.325,-0.531,-0.483,0.213,-0.801,,
C8,1.25,0.375,-0.640,-0.582,0.221,-1.001,,
,1.39,0.287,-0.521,-0.443,0.251,-0.713,,
C10,1.28,0.350,-0.605,-0.601,0.211,-0.995,,
C12,1.23,0.389,-0.651,-0.627,0.149,-1.129,,
,1.37,0.300,-0.556,-0.530,0.272,-0.814,,
C14,1.28,0.353,-0.618,-0.614,0.212,-1.020,,
C16,1.37,0.301,-0.558,-0.554,0.285,-0.827,,
,1.22,0.396,-0.651,-0.641,0.126,-1.166,,
C20,1.36,0.306,-0.570,-0.567,0.283,-0.855,,
,1.22,0.394,-0.645,-0.640,0.127,-1.158,,
,,,,,,,,
heterocycles,,,,,,,,
system,dcc ,r(r),lr1,lr2,lr3,Ñ2r,,
DBN,1.53,0.243,-0.454,-0.445,0.345,-0.554,,
,1.53,0.242,-0.448,-0.442,0.349,-0.541,,
,1.53,0.24,-0.447,-0.439,0.347,-0.539,,
,1.53,0.237,-0.432,-0.429,0.341,-0.52,,
,1.52,0.252,-0.489,-0.465,0.353,-0.601,,
porphyrin,1.43,0.289,-0.586,-0.505,0.331,-0.76,,
,1.39,0.307,-0.642,-0.535,0.314,-0.863,,
,1.39,0.309,-0.642,-0.532,0.305,-0.87,,
,1.46,0.276,-0.55,-0.488,0.346,-0.693,,
,1.39,0.307,-0.642,-0.535,0.314,-0.863,,
,1.46,0.276,-0.55,-0.488,0.346,-0.693,,
,1.39,0.309,-0.642,-0.532,0.305,-0.87,,
,1.35,0.331,-0.69,-0.538,0.281,-0.948,,
,1.36,0.321,-0.664,-0.525,0.292,-0.898,,
,1.39,0.309,-0.642,-0.532,0.305,-0.87,,
aziridine,1.48,0.245,-0.463,-0.331,0.318,-0.476,,
cynogen,1.39,0.294,-0.575,-0.575,0.298,-0.851,,
pyramidopyramidine,1.4,0.311,-0.649,-0.55,0.327,-0.873,,
,1.42,0.299,-0.627,-0.545,0.338,-0.834,,
benzonitrile,1.44,0.273,-0.528,-0.499,0.293,-0.734,,
,1.4,0.304,-0.628,-0.521,0.312,-0.837,,
,1.39,0.31,-0.64,-0.535,0.306,-0.868,,
,1.39,0.308,-0.634,-0.534,0.309,-0.86,,
furfural,1.42,0.286,-0.562,-0.483,0.321,-0.725,,
,1.36,0.326,-0.688,-0.532,0.29,-0.93,,
,1.36,0.327,-0.69,-0.524,0.285,-0.93,,
,1.46,0.279,-0.587,-0.516,0.354,-0.748,,
ethylene glycol,1.51,0.259,-0.527,-0.488,0.36,-0.655,,
tetrathiafulavalene,1.33,0.337,-0.705,-0.512,0.264,-0.953,,
,1.34,0.327,-0.679,-0.475,0.272,-0.883,,
thiaindans,1.39,0.308,-0.633,-0.527,0.308,-0.852,,
,1.39,0.306,-0.627,-0.522,0.308,-0.84,,
,1.4,0.305,-0.622,-0.521,0.317,-0.826,,
,1.39,0.307,-0.628,-0.522,0.306,-0.844,,
,1.39,0.305,-0.627,-0.524,0.309,-0.842,,
,1.39,0.309,-0.634,-0.524,0.306,-0.852,,
,1.53,0.24,-0.439,-0.436,0.343,-0.532,,
,1.51,0.249,-0.471,-0.455,0.343,-0.582,,
dithianodithiine,1.52,0.245,-0.453,-0.451,0.346,-0.558,,
,1.34,0.329,-0.677,-0.489,0.277,-0.89,,
,1.53,0.242,-0.451,-0.443,0.366,-0.528,,
thiatane,1.54,0.239,-0.438,-0.436,0.342,-0.532,,
thiane,1.53,0.242,-0.445,-0.443,0.344,-0.544,,
,1.53,0.24,-0.44,-0.437,0.343,-0.534,,
SeC3Se,1.27,0.358,-0.628,-0.628,0.199,-1.057,,
SC3S,1.27,0.357,-0.617,-0.617,0.195,-1.04,,
NCCP,1.38,0.299,-0.577,-0.577,0.289,-0.866,,
C5S,1.29,0.346,-0.623,-0.623,0.213,-1.034,,
,1.26,0.366,-0.635,-0.635,0.185,-1.084,,
,1.28,0.353,-0.62,-0.62,0.205,-1.036,,
,,,,,,,,
"cation,anion and radicals",,,,,,,,
system,dcc ,r(r),lr1,lr2,lr3,Ñ2r,,
cyclopropenyl cation,1.36,0.314,-0.54,-0.456,0.294,-0.703,,
tropellium cation,1.39,0.309,-0.638,-0.559,0.312,-0.884,,
benzene-1-ylium,1.32,0.337,-0.643,-0.548,0.217,-0.974,,
,1.43,0.27,-0.506,-0.431,0.296,-0.642,,
,1.39,0.31,-0.637,-0.533,0.304,-0.866,,
propan-1-ylium,1.39,0.305,-0.616,-0.535,0.298,-0.852,,
,1.69,0.158,-0.251,-0.107,0.263,-0.095,,
propan-2-ylium,1.44,0.288,-0.562,-0.528,0.292,-0.799,,
2-methylpropan-2-ylium,1.46,0.278,-0.541,-0.513,0.309,-0.745,,
,1.46,0.278,-0.539,-0.512,0.309,-0.742,,
,1.46,0.277,-0.536,-0.511,0.309,-0.738,,
acetylene cation,1.19,0.342,-0.34,-0.34,0.144,-0.536,,
ethen-1-ylium,1.25,0.385,-0.775,-0.623,0.34,-1.058,,
cyclopentadienyl anion,1.41,0.291,-0.584,-0.467,0.315,-0.736,,
,1.41,0.291,-0.585,-0.468,0.315,-0.738,,
benzen-1-ide,1.42,0.287,-0.528,-0.518,0.298,-0.747,,
,1.4,0.302,-0.614,-0.512,0.309,-0.817,,
,1.39,0.304,-0.626,-0.517,0.31,-0.833,,
acetate,1.57,0.227,-0.434,-0.41,0.363,-0.481,,
ethylene carbonate,1.53,0.251,-0.49,-0.47,0.363,-0.596,,
ethyn-1-ide,1.24,0.385,-0.712,-0.712,0.212,-1.212,,
ethan-1-ide,1.54,0.222,-0.392,-0.346,0.302,-0.436,,
2-oxopropan-1-ide,1.38,0.311,-0.658,-0.481,0.299,-0.84,,
,1.55,0.234,-0.445,-0.425,0.354,-0.516,,
benzene_radical,1.37,0.315,-0.637,-0.542,0.291,-0.889,,
,1.4,0.301,-0.612,-0.511,0.31,-0.812,,
,1.39,0.307,-0.632,-0.527,0.309,-0.851,,
3-methylbut-2-enenitrile radical,1.31,0.344,-0.705,-0.535,0.236,-1.005,,
,1.37,0.303,-0.57,-0.554,0.276,-0.847,,
,1.51,0.249,-0.471,-0.453,0.338,-0.586,,
,1.51,0.245,-0.459,-0.444,0.338,-0.565,,
allyl_radical,1.38,0.312,-0.647,-0.531,0.299,-0.879,,
vinyl_radical,1.3,0.352,-0.732,-0.555,0.228,-1.059,,
,,,,,,,,
multiple type bonded,,,,,,,,
system,dcc ,r(r),lr1,lr2,lr3,Ñ2r,,
dihydroindene,1.39,0.309,-0.634,-0.53,0.307,-0.856,,
,1.39,0.306,-0.628,-0.524,0.309,-0.842,,
,1.4,0.309,-0.637,-0.532,0.318,-0.851,,
,1.39,0.307,-0.63,-0.526,0.309,-0.848,,
,1.39,0.306,-0.628,-0.524,0.309,-0.842,,
,1.39,0.309,-0.634,-0.53,0.307,-0.856,,
,1.51,0.248,-0.465,-0.452,0.344,-0.572,,
,1.51,0.248,-0.465,-0.452,0.344,-0.572,,
,1.54,0.234,-0.425,-0.424,0.343,-0.505,,
,1.54,0.234,-0.425,-0.424,0.343,-0.505,,
isoprene,1.34,0.339,-0.724,-0.543,0.268,-0.999,,
,1.47,0.268,-0.531,-0.492,0.34,-0.683,,
,1.33,0.34,-0.723,-0.547,0.264,-1.006,,
,1.5,0.251,-0.474,-0.46,0.339,-0.595,,
2-pentene,1.5,0.251,-0.476,-0.46,0.336,-0.6,,
,1.33,0.342,-0.732,-0.537,0.262,-1.006,,
,1.5,0.253,-0.479,-0.465,0.34,-0.604,,
,1.53,0.236,-0.431,-0.427,0.339,-0.52,,
hex_1_ene_3_yne,1.43,0.278,-0.539,-0.511,0.306,-0.745,,
,1.33,0.339,-0.725,-0.541,0.264,-1.002,,
,1.2,0.401,-0.64,-0.625,0.097,-1.167,,
,1.46,0.261,-0.484,-0.48,0.308,-0.656,,
,1.53,0.235,-0.432,-0.424,0.339,-0.518,,
"hexa_1,5_dien_3_yne",1.43,0.28,-0.543,-0.513,0.303,-0.753,,
,1.33,0.339,-0.723,-0.542,0.265,-1,,
,1.21,0.4,-0.654,-0.621,0.104,-1.171,,
,1.43,0.28,-0.543,-0.513,0.303,-0.753,,
,1.33,0.339,-0.723,-0.542,0.265,-1,,
,,,,,,,,
organometalic and hypervalent,,,,,,,,
system,dcc ,r(r),lr1,lr2,lr3,Ñ2r,,
h3-CrCl3,1.4,0.285,-0.456,-0.384,0.298,-0.542,,
metallacyclobutane,1.42,0.289,-0.51,-0.48,0.31,-0.68,,
ferrocene,1.42,0.289,-0.574,-0.456,0.314,-0.717,,
Bis(benzene)chromium(0),1.41,0.292,-0.585,-0.474,0.311,-0.747,,
C3H4Li2,1.5,0.236,-0.441,-0.299,0.317,-0.423,,
,1.53,0.214,-0.334,-0.232,0.293,-0.273,,
C6H6_CrCO3,1.41,0.296,-0.595,-0.491,0.311,-0.775,,
Si2C5H2,1.38,0.315,-0.657,-0.518,0.302,-0.873,,
,1.42,0.287,-0.565,-0.498,0.32,-0.744,,
,1.42,0.287,-0.565,-0.498,0.32,-0.744,,
,1.46,0.254,-0.408,-0.389,0.309,-0.487,,
,1.46,0.254,-0.408,-0.389,0.309,-0.487,,
Ge2C5H2,1.38,0.312,-0.648,-0.511,0.305,-0.854,,
,1.42,0.286,-0.559,-0.489,0.319,-0.729,,
,1.42,0.286,-0.559,-0.489,0.319,-0.729,,
,1.46,0.261,-0.427,-0.423,0.314,-0.537,,
,1.46,0.261,-0.427,-0.423,0.314,-0.537,,
C6Li6,1.42,0.285,-0.512,-0.498,0.319,-0.691,,
C2B8,1.5,0.234,-0.421,-0.388,0.337,-0.472,,
,,,,,,,,
TS,,,,,,,,
system,dcc ,r(r),lr1,lr2,lr3,Ñ2r,,
TS1,2.16,0.061,-0.064,-0.061,0.164,0.039,,
,2.41,0.04,-0.038,-0.024,0.116,0.054,,
TS2,2.3,0.048,-0.045,-0.04,0.135,0.05,,
,2.19,0.059,-0.06,-0.058,0.161,0.043,,
TS3,2.18,0.059,-0.062,-0.058,0.163,0.043,,
,2.38,0.041,-0.038,-0.033,0.119,0.049,,
TS4,2.33,0.046,-0.045,-0.038,0.13,0.047,,
,2.08,0.072,-0.082,-0.076,0.186,0.029,,
TS5,2.14,0.064,-0.068,-0.065,0.17,0.037,,
,2.4,0.041,-0.039,-0.025,0.117,0.053,,
TS6,1.92,0.099,-0.127,-0.121,0.235,-0.013,,
,2.63,0.027,-0.022,-0.013,0.084,0.049,,
TS7,1.98,0.089,-0.117,-0.096,0.217,0.004,,
TS8,2,0.087,-0.11,-0.099,0.214,0.005,,
TS9,2.04,0.073,-0.08,-0.078,0.19,0.032,,
TS10,2.13,0.068,-0.076,-0.071,0.188,0.041,,
TS11,2.21,0.057,-0.061,-0.053,0.152,0.038,,
TS12,2.15,0.065,-0.074,-0.065,0.169,0.03,,
TS13,2.01,0.08,-0.095,-0.09,0.209,0.024,,
TS14,1.95,0.102,-0.14,-0.128,0.244,-0.025,,
TS15,2.41,0.038,-0.033,-0.031,0.114,0.051,,
TS16,2.06,0.077,-0.096,-0.091,0.225,0.038,,
TS17,2.02,0.08,-0.095,-0.085,0.196,0.016,,
TS19,1.97,0.093,-0.118,-0.111,0.234,0.005,,
TS20,1.92,0.102,-0.135,-0.128,0.255,-0.008,,
TS21,2.45,0.036,-0.031,-0.028,0.114,0.054,,
TS22,2.21,0.06,-0.063,-0.06,0.166,0.043,,
,,,,,,,,
dimers,,,,,,,,
system,dcc ,r(r),lr1,lr2,lr3,Ñ2r,,
acetyleneBr_dimer,3.31,0.006,-0.004,-0.001,0.026,0.021,,
acetonitrile_dimer,3.25,0.007,-0.005,-0.002,0.029,0.023,,
diyneCN_dimer,3.39,0.005,-0.003,-0.001,0.02,0.016,,
,3.36,0.006,-0.003,-0.001,0.021,0.017,,
,3.36,0.006,-0.003,-0.001,0.021,0.017,,
,3.25,0.006,-0.004,-0.002,0.026,0.02,,
,3.25,0.006,-0.004,-0.002,0.026,0.02,,
acetylene_ dimer,3.3,0.006,-0.004,-0.001,0.027,0.022,,
vinylCl_ dimer,3.15,0.008,-0.005,-0.002,0.034,0.027,,
diyne_F_dimer,3.23,0.007,-0.004,-0.002,0.028,0.021,,
,3.27,0.007,-0.004,-0.001,0.026,0.021,,
C12 dimer,3.18,0.008,-0.005,-0.002,0.031,0.024,,
,3.19,0.008,-0.004,-0.001,0.029,0.024,,
diyne_CN_NMe2_dimer,3.4,0.006,-0.003,0,0.021,0.018,,
vinylF_dimer,3.06,0.008,-0.004,-0.003,0.035,0.028,,
dimethyl cynamide_dimer,3.08,0.009,-0.006,-0.001,0.04,0.033,,
thiacetone_dimer,3.51,0.004,0,0,0.014,0.013,,
diyne_CF3_dimer,3.39,0.005,-0.003,0,0.019,0.016,,
,3.37,0.006,-0.003,-0.002,0.021,0.016,,
diyne_dimer,3.41,0.006,-0.003,-0.001,0.022,0.017,,
C60_C2,2.95,0.013,-0.005,-0.003,0.057,0.048,,
,2.95,0.013,-0.005,-0.003,0.056,0.048,,
,2.95,0.013,-0.005,-0.003,0.055,0.047,,
,2.95,0.013,-0.005,-0.003,0.057,0.048,,
,2.96,0.013,-0.005,-0.003,0.055,0.047,,
,2.96,0.013,-0.005,-0.003,0.055,0.047,,
,2.96,0.013,-0.005,-0.003,0.055,0.047,,
,2.95,0.013,-0.005,-0.003,0.056,0.047,,
,2.95,0.013,-0.005,-0.003,0.057,0.048,,
,2.95,0.013,-0.005,-0.003,0.056,0.048,,
